class,method_name,count
org.apache.cassandra.cql3.Cql_Parser$DFA17,specialStateTransition,45
org.apache.cassandra.net.ManyToOneConcurrentLinkedQueue,NOVALUE,15
org.apache.cassandra.net.ManyToOneConcurrentLinkedQueuePadding1,NOVALUE,15
org.apache.cassandra.net.ManyToOneConcurrentLinkedQueuePadding2,NOVALUE,15
org.apache.cassandra.cql3.statements.ModificationStatement,&lt;init&gt;,6
org.apache.cassandra.cql3.statements.schema.CreateTableStatement,&lt;init&gt;,6
org.apache.cassandra.db.Directories,&lt;init&gt;,6
org.apache.cassandra.metrics.CommitLogMetrics,NOVALUE,6
org.apache.cassandra.cql3.Cql_Parser$DFA175,specialStateTransition,5
org.apache.cassandra.cql3.statements.schema.CreateViewStatement,&lt;init&gt;,5
org.apache.cassandra.io.util.RewindableDataInputStreamPlus,writeOne,5
org.apache.cassandra.metrics.DecayingEstimatedHistogramReservoir,&lt;init&gt;,5
org.apache.cassandra.config.DatabaseDescriptor,applySimpleConfig,4
org.apache.cassandra.cql3.Cql_Parser,non_type_ident,4
org.apache.cassandra.cql3.statements.SelectStatement,&lt;init&gt;,4
org.apache.cassandra.cql3.statements.schema.CreateIndexStatement$Raw,&lt;init&gt;,4
org.apache.cassandra.index.internal.CollatedViewIndexBuilder,&lt;init&gt;,4
org.apache.cassandra.index.sasi.analyzer.StandardTokenizerImpl,NOVALUE,4
org.apache.cassandra.io.sstable.Descriptor,&lt;init&gt;,4
org.apache.cassandra.io.sstable.SSTableIdentityIterator,&lt;init&gt;,4
org.apache.cassandra.io.sstable.format.SSTableReaderBuilder,&lt;init&gt;,4
org.apache.cassandra.io.util.RewindableDataInputStreamPlus,skip,4
org.apache.cassandra.io.util.RewindableDataInputStreamPlus,writeMulti,4
org.apache.cassandra.locator.AbstractReplicaCollection$ReplicaMap,&lt;init&gt;,4
org.apache.cassandra.security.EncryptionContext,&lt;init&gt;,4
org.apache.cassandra.concurrent.SEPWorker,NOVALUE,3
org.apache.cassandra.cql3.Cql_Parser,NOVALUE,3
org.apache.cassandra.cql3.Cql_Parser,normalColumnOperation,3
org.apache.cassandra.cql3.Cql_Parser,ident,3
org.apache.cassandra.cql3.Cql_Parser,noncol_ident,3
org.apache.cassandra.cql3.Cql_Parser,jmxResource,3
org.apache.cassandra.cql3.statements.BatchStatement,&lt;init&gt;,3
org.apache.cassandra.cql3.statements.schema.CreateAggregateStatement,&lt;init&gt;,3
org.apache.cassandra.cql3.statements.schema.CreateFunctionStatement$Raw,&lt;init&gt;,3
org.apache.cassandra.cql3.statements.schema.CreateViewStatement$Raw,&lt;init&gt;,3
org.apache.cassandra.db.ColumnIndex,&lt;init&gt;,3
org.apache.cassandra.db.Memtable$FlushRunnable,&lt;init&gt;,3
org.apache.cassandra.db.Memtable$MemtableUnfilteredPartitionIterator,&lt;init&gt;,3
org.apache.cassandra.db.WindowsFailedSnapshotTracker,deleteOldSnapshots,3
org.apache.cassandra.db.commitlog.AbstractCommitLogService$SyncRunnable,maybeLogFlushLag,3
org.apache.cassandra.db.compaction.CompactionStrategyManager,&lt;init&gt;,3
org.apache.cassandra.db.compaction.writers.CompactionAwareWriter,&lt;init&gt;,3
org.apache.cassandra.db.filter.DataLimits$Serializer,serialize,3
org.apache.cassandra.db.rows.RangeTombstoneBoundaryMarker,&lt;init&gt;,3
org.apache.cassandra.db.streaming.CassandraEntireSSTableStreamReader,&lt;init&gt;,3
org.apache.cassandra.db.streaming.CassandraIncomingFile,&lt;init&gt;,3
org.apache.cassandra.db.view.ViewBuilderTask,call,3
org.apache.cassandra.dht.BootStrapper,&lt;init&gt;,3
org.apache.cassandra.diag.DiagnosticEventService,NOVALUE,3
org.apache.cassandra.hadoop.ColumnFamilySplit,&lt;init&gt;,3
org.apache.cassandra.hadoop.cql3.CqlBulkRecordWriter,&lt;init&gt;,3
org.apache.cassandra.hadoop.cql3.CqlRecordWriter,&lt;init&gt;,3
org.apache.cassandra.index.sasi.conf.ColumnIndex,&lt;init&gt;,3
org.apache.cassandra.index.sasi.conf.view.RangeTermTree,&lt;init&gt;,3
org.apache.cassandra.index.sasi.utils.MappedBuffer,&lt;init&gt;,3
org.apache.cassandra.index.sasi.utils.RangeIterator,&lt;init&gt;,3
org.apache.cassandra.io.compress.CompressedSequentialWriter,flushData,3
org.apache.cassandra.io.compress.CompressionMetadata,&lt;init&gt;,3
org.apache.cassandra.io.sstable.IndexSummary,&lt;init&gt;,3
org.apache.cassandra.io.util.LengthAvailableInputStream,read,3
org.apache.cassandra.io.util.RewindableDataInputStreamPlus,readMulti,3
org.apache.cassandra.io.util.RewindableDataInputStreamPlus,readOne,3
org.apache.cassandra.net.AbstractMessageHandler,&lt;init&gt;,3
org.apache.cassandra.service.paxos.PrepareCallback,NOVALUE,3
org.apache.cassandra.service.reads.ReadCallback,&lt;init&gt;,3
org.apache.cassandra.streaming.messages.StreamMessageHeader,NOVALUE,3
org.apache.cassandra.tools.BulkLoader$ProgressIndicator,NOVALUE,3
org.apache.cassandra.tools.NodeProbe,&lt;init&gt;,3
org.apache.cassandra.tools.RepairRunner,&lt;init&gt;,3
org.apache.cassandra.tools.nodetool.stats.StatsKeyspace,NOVALUE,3
org.apache.cassandra.tools.nodetool.stats.StatsTable,NOVALUE,3
org.apache.cassandra.utils.EstimatedHistogram,&lt;init&gt;,3
org.apache.cassandra.utils.memory.BufferPool$MicroQueueOfChunks,forEach,3
org.apache.cassandra.concurrent.ExecutorLocal,&lt;clinit&gt;,2
org.apache.cassandra.concurrent.SEPWorker,doWaitSpin,2
org.apache.cassandra.concurrent.SEPWorker,stopSpinning,2
org.apache.cassandra.config.EncryptionOptions,acceptedProtocols,2
org.apache.cassandra.config.EncryptionOptions,equals,2
org.apache.cassandra.cql3.CqlLexer$DFA1,&lt;init&gt;,2
org.apache.cassandra.cql3.Cql_Lexer,NOVALUE,2
org.apache.cassandra.cql3.Cql_Lexer$DFA10,&lt;init&gt;,2
org.apache.cassandra.cql3.Cql_Lexer$DFA24,&lt;init&gt;,2
org.apache.cassandra.cql3.Cql_Lexer$DFA26,&lt;init&gt;,2
org.apache.cassandra.cql3.Cql_Lexer$DFA30,&lt;init&gt;,2
org.apache.cassandra.cql3.Cql_Lexer$DFA32,&lt;init&gt;,2
org.apache.cassandra.cql3.Cql_Lexer$DFA39,&lt;init&gt;,2
org.apache.cassandra.cql3.Cql_Lexer$DFA46,&lt;init&gt;,2
org.apache.cassandra.cql3.Cql_Parser,allowedFunctionName,2
org.apache.cassandra.cql3.Cql_Parser,createFunctionStatement,2
org.apache.cassandra.cql3.Cql_Parser,selectStatement,2
org.apache.cassandra.cql3.Cql_Parser,alterUserStatement,2
org.apache.cassandra.cql3.Cql_Parser,createUserStatement,2
org.apache.cassandra.cql3.Cql_Parser,dropUserStatement,2
org.apache.cassandra.cql3.Cql_Parser$DFA1,&lt;init&gt;,2
org.apache.cassandra.cql3.Cql_Parser$DFA11,&lt;init&gt;,2
org.apache.cassandra.cql3.Cql_Parser$DFA146,&lt;init&gt;,2
org.apache.cassandra.cql3.Cql_Parser$DFA17,&lt;init&gt;,2
org.apache.cassandra.cql3.Cql_Parser$DFA173,&lt;init&gt;,2
org.apache.cassandra.cql3.Cql_Parser$DFA175,&lt;init&gt;,2
org.apache.cassandra.cql3.Cql_Parser$DFA181,&lt;init&gt;,2
org.apache.cassandra.cql3.Cql_Parser$DFA182,&lt;init&gt;,2
org.apache.cassandra.cql3.Cql_Parser$DFA2,&lt;init&gt;,2
org.apache.cassandra.cql3.Cql_Parser$DFA200,&lt;init&gt;,2
org.apache.cassandra.cql3.Cql_Parser$DFA202,&lt;init&gt;,2
org.apache.cassandra.cql3.Cql_Parser$DFA204,&lt;init&gt;,2
org.apache.cassandra.cql3.Cql_Parser$DFA206,&lt;init&gt;,2
org.apache.cassandra.cql3.Cql_Parser$DFA209,&lt;init&gt;,2
org.apache.cassandra.cql3.Cql_Parser$DFA212,&lt;init&gt;,2
org.apache.cassandra.cql3.Cql_Parser$DFA22,&lt;init&gt;,2
org.apache.cassandra.cql3.Cql_Parser$DFA220,&lt;init&gt;,2
org.apache.cassandra.cql3.Cql_Parser$DFA224,&lt;init&gt;,2
org.apache.cassandra.cql3.Cql_Parser$DFA225,&lt;init&gt;,2
org.apache.cassandra.cql3.Cql_Parser$DFA235,&lt;init&gt;,2
org.apache.cassandra.cql3.Cql_Parser$DFA30,&lt;init&gt;,2
org.apache.cassandra.cql3.Cql_Parser$DFA31,&lt;init&gt;,2
org.apache.cassandra.cql3.Cql_Parser$DFA61,&lt;init&gt;,2
org.apache.cassandra.cql3.UpdateParameters,&lt;init&gt;,2
org.apache.cassandra.cql3.UserTypes$DelayedValue,&lt;init&gt;,2
org.apache.cassandra.cql3.functions.FunctionCall$Raw,&lt;init&gt;,2
org.apache.cassandra.cql3.functions.JavaBasedUDFunction,&lt;clinit&gt;,2
org.apache.cassandra.cql3.functions.UDFunction,&lt;init&gt;,2
org.apache.cassandra.cql3.functions.types.utils.Bytes,wrapCharArray,2
org.apache.cassandra.cql3.restrictions.TokenRestriction,&lt;init&gt;,2
org.apache.cassandra.cql3.selection.Selectable$WithFunction$Raw,&lt;init&gt;,2
org.apache.cassandra.cql3.selection.Selectable$WithMapOrUdt,&lt;init&gt;,2
org.apache.cassandra.cql3.selection.Selectable$WithTypeHint,&lt;init&gt;,2
org.apache.cassandra.cql3.statements.UpdateStatement$ParsedInsert,&lt;init&gt;,2
org.apache.cassandra.cql3.statements.schema.AlterViewStatement$Raw,&lt;init&gt;,2
org.apache.cassandra.cql3.statements.schema.CreateAggregateStatement$Raw,&lt;init&gt;,2
org.apache.cassandra.cql3.statements.schema.CreateFunctionStatement,&lt;init&gt;,2
org.apache.cassandra.cql3.statements.schema.CreateIndexStatement,&lt;init&gt;,2
org.apache.cassandra.cql3.statements.schema.CreateTypeStatement,&lt;init&gt;,2
org.apache.cassandra.cql3.statements.schema.DropAggregateStatement$Raw,&lt;init&gt;,2
org.apache.cassandra.cql3.statements.schema.DropFunctionStatement$Raw,&lt;init&gt;,2
org.apache.cassandra.db.BufferDecoratedKey,&lt;init&gt;,2
org.apache.cassandra.db.ColumnFamilyStore,&lt;init&gt;,2
org.apache.cassandra.db.ColumnFamilyStore,writeSnapshotManifest,2
org.apache.cassandra.db.ColumnFamilyStore,writeSnapshotSchema,2
org.apache.cassandra.db.ColumnFamilyStore,NOVALUE,2
org.apache.cassandra.db.ColumnFamilyStore,getIfExists,2
org.apache.cassandra.db.ColumnIndex,NOVALUE,2
org.apache.cassandra.db.Columns,&lt;init&gt;,2
org.apache.cassandra.db.DecoratedKey,compareTo,2
org.apache.cassandra.db.Directories$DataDirectoryCandidate,compareTo,2
org.apache.cassandra.db.MutableDeletionInfo,&lt;init&gt;,2
org.apache.cassandra.db.RangeTombstoneList,&lt;init&gt;,2
org.apache.cassandra.db.commitlog.AbstractCommitLogService,&lt;init&gt;,2
org.apache.cassandra.db.commitlog.CommitLog,&lt;init&gt;,2
org.apache.cassandra.db.commitlog.CommitLog,recoverSegmentsOnDisk,2
org.apache.cassandra.db.commitlog.CommitLogReplayer,NOVALUE,2
org.apache.cassandra.db.commitlog.CommitLogSegmentReader$EncryptedSegmenter,&lt;init&gt;,2
org.apache.cassandra.db.compaction.AbstractCompactionTask,&lt;init&gt;,2
org.apache.cassandra.db.compaction.LeveledCompactionStrategy,&lt;init&gt;,2
org.apache.cassandra.db.compaction.PendingRepairManager$CleanupTask,&lt;init&gt;,2
org.apache.cassandra.db.compaction.Scrubber,updateIndexKey,2
org.apache.cassandra.db.compaction.Scrubber,tryAppend,2
org.apache.cassandra.db.compaction.Verifier,&lt;init&gt;,2
org.apache.cassandra.db.filter.ClusteringIndexNamesFilter,&lt;init&gt;,2
org.apache.cassandra.db.filter.ColumnFilter,&lt;init&gt;,2
org.apache.cassandra.db.filter.DataLimits$Serializer,serializedSize,2
org.apache.cassandra.db.filter.RowFilter$CustomExpression,&lt;init&gt;,2
org.apache.cassandra.db.lifecycle.LifecycleTransaction$ReaderState,&lt;init&gt;,2
org.apache.cassandra.db.lifecycle.LogRecord,getExistingFiles,2
org.apache.cassandra.db.marshal.UserType,&lt;init&gt;,2
org.apache.cassandra.db.partitions.AtomicBTreePartition,&lt;init&gt;,2
org.apache.cassandra.db.repair.CassandraValidationIterator,&lt;init&gt;,2
org.apache.cassandra.db.rows.BTreeRow,&lt;init&gt;,2
org.apache.cassandra.db.rows.BufferCell,&lt;init&gt;,2
org.apache.cassandra.db.rows.NativeCell,&lt;init&gt;,2
org.apache.cassandra.db.rows.Row$Deletion,&lt;init&gt;,2
org.apache.cassandra.db.rows.RowAndDeletionMergeIterator,&lt;init&gt;,2
org.apache.cassandra.db.streaming.CassandraEntireSSTableStreamWriter,&lt;init&gt;,2
org.apache.cassandra.db.streaming.CassandraStreamReader,&lt;init&gt;,2
org.apache.cassandra.db.streaming.CassandraStreamReader$StreamDeserializer,&lt;init&gt;,2
org.apache.cassandra.db.streaming.CassandraStreamReceiver,&lt;init&gt;,2
org.apache.cassandra.db.streaming.CassandraStreamWriter,&lt;init&gt;,2
org.apache.cassandra.fql.FullQueryLogger$Batch,&lt;init&gt;,2
org.apache.cassandra.gms.ArrayBackedBoundedStats,add,2
org.apache.cassandra.gms.Gossiper,doShadowRound,2
org.apache.cassandra.gms.HeartBeatState,forceNewerGenerationUnsafe,2
org.apache.cassandra.gms.VersionedValue,&lt;init&gt;,2
org.apache.cassandra.hadoop.cql3.CqlInputFormat,getSplits,2
org.apache.cassandra.hadoop.cql3.CqlRecordWriter$RangeClient,&lt;init&gt;,2
org.apache.cassandra.hints.HintsDescriptor,handleDescriptorIOE,2
org.apache.cassandra.index.internal.CassandraIndexSearcher,&lt;init&gt;,2
org.apache.cassandra.index.sasi.SASIIndex,&lt;init&gt;,2
org.apache.cassandra.index.sasi.analyzer.AbstractAnalyzer,next,2
org.apache.cassandra.index.sasi.analyzer.NonTokenizingAnalyzer,init,2
org.apache.cassandra.index.sasi.analyzer.StandardAnalyzer,init,2
org.apache.cassandra.index.sasi.conf.view.RangeTermTree$Term,&lt;init&gt;,2
org.apache.cassandra.index.sasi.conf.view.View,&lt;init&gt;,2
org.apache.cassandra.index.sasi.disk.OnDiskIndex,&lt;init&gt;,2
org.apache.cassandra.index.sasi.disk.OnDiskIndexBuilder,&lt;init&gt;,2
org.apache.cassandra.index.sasi.disk.PerSSTableIndexWriter,&lt;init&gt;,2
org.apache.cassandra.index.sasi.disk.TokenTree,&lt;init&gt;,2
org.apache.cassandra.index.sasi.plan.Expression,NOVALUE,2
org.apache.cassandra.index.sasi.plan.Expression,add,2
org.apache.cassandra.index.sasi.plan.QueryController,&lt;init&gt;,2
org.apache.cassandra.index.sasi.utils.trie.PatriciaTrie$RangeEntryMap,&lt;init&gt;,2
org.apache.cassandra.io.sstable.Component,&lt;init&gt;,2
org.apache.cassandra.io.sstable.IndexSummary$IndexSummarySerializer,deserializeFirstLastKey,2
org.apache.cassandra.io.sstable.IndexSummaryBuilder,&lt;init&gt;,2
org.apache.cassandra.io.sstable.format.RangeAwareSSTableWriter,&lt;init&gt;,2
org.apache.cassandra.io.sstable.format.RangeAwareSSTableWriter,finish,2
org.apache.cassandra.io.sstable.format.big.BigTableZeroCopyWriter,&lt;init&gt;,2
org.apache.cassandra.io.util.DataIntegrityMetadata$ChecksumValidator,&lt;init&gt;,2
org.apache.cassandra.io.util.DataIntegrityMetadata$FileDigestValidator,&lt;init&gt;,2
org.apache.cassandra.io.util.MmappedRegions,&lt;init&gt;,2
org.apache.cassandra.io.util.RewindableDataInputStreamPlus,read,2
org.apache.cassandra.io.util.RewindableDataInputStreamPlus,maybeCreateDiskBuffer,2
org.apache.cassandra.io.util.WrappedDataOutputStreamPlus,&lt;init&gt;,2
org.apache.cassandra.locator.AbstractReplicaCollection$ReplicaList,equals,2
org.apache.cassandra.locator.CloudstackSnitch,csEndpointFromLease,2
org.apache.cassandra.locator.Ec2Snitch,&lt;init&gt;,2
org.apache.cassandra.locator.PropertyFileSnitch,&lt;init&gt;,2
org.apache.cassandra.locator.PropertyFileSnitch,reloadConfiguration,2
org.apache.cassandra.locator.ReplicationFactor,&lt;init&gt;,2
org.apache.cassandra.metrics.CassandraMetricsRegistry$MetricName,&lt;init&gt;,2
org.apache.cassandra.metrics.DecayingEstimatedHistogramReservoir,NOVALUE,2
org.apache.cassandra.net.ForwardingInfo,&lt;init&gt;,2
org.apache.cassandra.net.FrameEncoder$Payload,&lt;init&gt;,2
org.apache.cassandra.net.ResourceLimits$EndpointAndGlobal,&lt;init&gt;,2
org.apache.cassandra.repair.consistent.CoordinatorSession$3,onSuccess,2
org.apache.cassandra.repair.consistent.LocalSessions,NOVALUE,2
org.apache.cassandra.repair.consistent.SyncStatSummary,toString,2
org.apache.cassandra.schema.ColumnMetadata,&lt;init&gt;,2
org.apache.cassandra.schema.TableMetadataRef,getLocal,2
org.apache.cassandra.schema.Types$RawBuilder$RawUDT,equals,2
org.apache.cassandra.security.JKSKeyProvider,&lt;init&gt;,2
org.apache.cassandra.service.ActiveRepairService,&lt;init&gt;,2
org.apache.cassandra.service.StartupChecks$8,NOVALUE,2
org.apache.cassandra.service.StorageService,NOVALUE,2
org.apache.cassandra.service.StorageService$6,compare,2
org.apache.cassandra.service.paxos.PaxosState,&lt;init&gt;,2
org.apache.cassandra.service.reads.ResponseResolver,&lt;init&gt;,2
org.apache.cassandra.service.reads.repair.AbstractReadRepair,&lt;init&gt;,2
org.apache.cassandra.service.reads.repair.RowIteratorMergeListener,&lt;init&gt;,2
org.apache.cassandra.tools.JMXTool$Info,&lt;init&gt;,2
org.apache.cassandra.tools.StandaloneSSTableUtil$Options$FileType,NOVALUE,2
org.apache.cassandra.tools.nodetool.DescribeCluster,execute,2
org.apache.cassandra.tools.nodetool.SetConcurrency,execute,2
org.apache.cassandra.tools.nodetool.Sjk$Wrapper,listFiles,2
org.apache.cassandra.tools.nodetool.stats.StatsTableComparator,NOVALUE,2
org.apache.cassandra.transport.Event$SchemaChange,&lt;init&gt;,2
org.apache.cassandra.transport.SimpleClient,&lt;init&gt;,2
org.apache.cassandra.transport.messages.AuthResponse,&lt;init&gt;,2
org.apache.cassandra.triggers.CustomClassLoader,&lt;init&gt;,2
org.apache.cassandra.triggers.CustomClassLoader,addClassPath,2
org.apache.cassandra.utils.FBUtilities,getJustLocalAddress,2
org.apache.cassandra.utils.FastByteOperations,compareUnsigned,2
org.apache.cassandra.utils.Interval$1,compare,2
org.apache.cassandra.utils.Interval$2,compare,2
org.apache.cassandra.utils.MerkleTree,&lt;init&gt;,2
org.apache.cassandra.utils.MerkleTrees,&lt;init&gt;,2
org.apache.cassandra.utils.concurrent.Ref$Visitor,NOVALUE,2
org.apache.cassandra.utils.memory.BufferPool$MicroQueueOfChunks,removeIf,2
org.apache.cassandra.audit.AuditLogManager,&lt;init&gt;,1
org.apache.cassandra.auth.CassandraAuthorizer,list,1
org.apache.cassandra.auth.CassandraLoginModule,initialize,1
org.apache.cassandra.auth.CassandraPrincipal,&lt;init&gt;,1
org.apache.cassandra.auth.CassandraRoleManager,lambda$static$0,1
org.apache.cassandra.auth.JMXResource,exists,1
org.apache.cassandra.auth.RoleOptions,getOptions,1
org.apache.cassandra.batchlog.Batch,getEncodedMutations,1
org.apache.cassandra.batchlog.BatchlogManager,setRate,1
org.apache.cassandra.batchlog.BatchlogManager,processBatchlogEntries,1
org.apache.cassandra.batchlog.BatchlogManager$ReplayingBatch,&lt;init&gt;,1
org.apache.cassandra.cache.AutoSavingCache$Writer,saveCache,1
org.apache.cassandra.cache.CaffeineCache,&lt;init&gt;,1
org.apache.cassandra.cache.ChunkCache,enable,1
org.apache.cassandra.cache.ChunkCache$CachingRebufferer,&lt;init&gt;,1
org.apache.cassandra.cache.ChunkCache$CachingRebufferer,rebuffer,1
org.apache.cassandra.cache.ChunkCache$Key,equals,1
org.apache.cassandra.cache.InstrumentingCache,&lt;init&gt;,1
org.apache.cassandra.cache.KeyCacheKey,&lt;init&gt;,1
org.apache.cassandra.cache.RefCountedMemory,equals,1
org.apache.cassandra.concurrent.AbstractLocalAwareExecutorService$FutureTask,run,1
org.apache.cassandra.concurrent.ExecutorLocal,NOVALUE,1
org.apache.cassandra.concurrent.NamedThreadFactory,&lt;init&gt;,1
org.apache.cassandra.concurrent.SEPExecutor,getMaximumPoolSize,1
org.apache.cassandra.config.Config,setClientMode,1
org.apache.cassandra.config.Config,log,1
org.apache.cassandra.config.Config,&lt;init&gt;,1
org.apache.cassandra.config.DatabaseDescriptor,clientInitialization,1
org.apache.cassandra.config.DatabaseDescriptor,daemonInitialization,1
org.apache.cassandra.config.DatabaseDescriptor,toolInitialization,1
org.apache.cassandra.config.DatabaseDescriptor,getReplaceNode,1
org.apache.cassandra.config.DatabaseDescriptor,setAuthenticator,1
org.apache.cassandra.config.DatabaseDescriptor,setAuthorizer,1
org.apache.cassandra.config.DatabaseDescriptor,setBroadcastAddress,1
org.apache.cassandra.config.DatabaseDescriptor,setBroadcastRpcAddress,1
org.apache.cassandra.config.DatabaseDescriptor,setListenAddress,1
org.apache.cassandra.config.DatabaseDescriptor,setNetworkAuthorizer,1
org.apache.cassandra.config.DatabaseDescriptor,setRoleManager,1
org.apache.cassandra.config.DatabaseDescriptor,getAuthenticator,1
org.apache.cassandra.config.DatabaseDescriptor,getAuthorizer,1
org.apache.cassandra.config.DatabaseDescriptor,getBroadcastAddress,1
org.apache.cassandra.config.DatabaseDescriptor,getBroadcastRpcAddress,1
org.apache.cassandra.config.DatabaseDescriptor,getListenAddress,1
org.apache.cassandra.config.DatabaseDescriptor,getNetworkAuthorizer,1
org.apache.cassandra.config.DatabaseDescriptor,getRoleManager,1
org.apache.cassandra.config.DatabaseDescriptor,getRpcAddress,1
org.apache.cassandra.config.DatabaseDescriptor$ByteUnit,toBytes,1
org.apache.cassandra.config.EncryptionOptions,&lt;init&gt;,1
org.apache.cassandra.config.EncryptionOptions$ServerEncryptionOptions,equals,1
org.apache.cassandra.config.ParameterizedClass,equals,1
org.apache.cassandra.config.TransparentDataEncryptionOptions,equals,1
org.apache.cassandra.config.YamlConfigurationLoader,loadConfig,1
org.apache.cassandra.cql3.BatchQueryOptions,getQueryOrIdList,1
org.apache.cassandra.cql3.CQL3Type$Collection,getType,1
org.apache.cassandra.cql3.CQL3Type$Collection,&lt;init&gt;,1
org.apache.cassandra.cql3.CQL3Type$Custom,getType,1
org.apache.cassandra.cql3.CQL3Type$Custom,&lt;init&gt;,1
org.apache.cassandra.cql3.CQL3Type$Native,getType,1
org.apache.cassandra.cql3.CQL3Type$Tuple,getType,1
org.apache.cassandra.cql3.CQL3Type$UserDefined,getType,1
org.apache.cassandra.cql3.Constants$Literal,&lt;init&gt;,1
org.apache.cassandra.cql3.Constants$Marker,&lt;init&gt;,1
org.apache.cassandra.cql3.CqlLexer,mTokens,1
org.apache.cassandra.cql3.CqlLexer$DFA1,NOVALUE,1
org.apache.cassandra.cql3.CqlParser,NOVALUE,1
org.apache.cassandra.cql3.Cql_Lexer$DFA10,NOVALUE,1
org.apache.cassandra.cql3.Cql_Lexer$DFA24,NOVALUE,1
org.apache.cassandra.cql3.Cql_Lexer$DFA26,NOVALUE,1
org.apache.cassandra.cql3.Cql_Lexer$DFA30,NOVALUE,1
org.apache.cassandra.cql3.Cql_Lexer$DFA32,NOVALUE,1
org.apache.cassandra.cql3.Cql_Lexer$DFA39,NOVALUE,1
org.apache.cassandra.cql3.Cql_Parser,permission,1
org.apache.cassandra.cql3.Cql_Parser,shorthandColumnOperation,1
org.apache.cassandra.cql3.Cql_Parser,alterTableStatement,1
org.apache.cassandra.cql3.Cql_Parser,batchStatement,1
org.apache.cassandra.cql3.Cql_Parser,batchStatementObjective,1
org.apache.cassandra.cql3.Cql_Parser,cfName,1
org.apache.cassandra.cql3.Cql_Parser,cident,1
org.apache.cassandra.cql3.Cql_Parser,collectionLiteral,1
org.apache.cassandra.cql3.Cql_Parser,collection_type,1
org.apache.cassandra.cql3.Cql_Parser,columnCondition,1
org.apache.cassandra.cql3.Cql_Parser,comparatorType,1
org.apache.cassandra.cql3.Cql_Parser,constant,1
org.apache.cassandra.cql3.Cql_Parser,containsOperator,1
org.apache.cassandra.cql3.Cql_Parser,cqlStatement,1
org.apache.cassandra.cql3.Cql_Parser,createAggregateStatement,1
org.apache.cassandra.cql3.Cql_Parser,createIndexStatement,1
org.apache.cassandra.cql3.Cql_Parser,createKeyspaceStatement,1
org.apache.cassandra.cql3.Cql_Parser,createMaterializedViewStatement,1
org.apache.cassandra.cql3.Cql_Parser,createRoleStatement,1
org.apache.cassandra.cql3.Cql_Parser,createTableStatement,1
org.apache.cassandra.cql3.Cql_Parser,createTriggerStatement,1
org.apache.cassandra.cql3.Cql_Parser,createTypeStatement,1
org.apache.cassandra.cql3.Cql_Parser,deleteOp,1
org.apache.cassandra.cql3.Cql_Parser,deleteStatement,1
org.apache.cassandra.cql3.Cql_Parser,describeStatement,1
org.apache.cassandra.cql3.Cql_Parser,dropAggregateStatement,1
org.apache.cassandra.cql3.Cql_Parser,dropFunctionStatement,1
org.apache.cassandra.cql3.Cql_Parser,dropIndexStatement,1
org.apache.cassandra.cql3.Cql_Parser,dropKeyspaceStatement,1
org.apache.cassandra.cql3.Cql_Parser,dropMaterializedViewStatement,1
org.apache.cassandra.cql3.Cql_Parser,dropRoleStatement,1
org.apache.cassandra.cql3.Cql_Parser,dropTableStatement,1
org.apache.cassandra.cql3.Cql_Parser,dropTriggerStatement,1
org.apache.cassandra.cql3.Cql_Parser,dropTypeStatement,1
org.apache.cassandra.cql3.Cql_Parser,fident,1
org.apache.cassandra.cql3.Cql_Parser,function,1
org.apache.cassandra.cql3.Cql_Parser,idxName,1
org.apache.cassandra.cql3.Cql_Parser,inMarker,1
org.apache.cassandra.cql3.Cql_Parser,inMarkerForTuple,1
org.apache.cassandra.cql3.Cql_Parser,indexIdent,1
org.apache.cassandra.cql3.Cql_Parser,insertStatement,1
org.apache.cassandra.cql3.Cql_Parser,intValue,1
org.apache.cassandra.cql3.Cql_Parser,isStaticColumn,1
org.apache.cassandra.cql3.Cql_Parser,jsonInsertStatement,1
org.apache.cassandra.cql3.Cql_Parser,jsonValue,1
org.apache.cassandra.cql3.Cql_Parser,ksName,1
org.apache.cassandra.cql3.Cql_Parser,listPermissionsStatement,1
org.apache.cassandra.cql3.Cql_Parser,listRolesStatement,1
org.apache.cassandra.cql3.Cql_Parser,markerForTuple,1
org.apache.cassandra.cql3.Cql_Parser,native_type,1
org.apache.cassandra.cql3.Cql_Parser,normalInsertStatement,1
org.apache.cassandra.cql3.Cql_Parser,orderByClause,1
org.apache.cassandra.cql3.Cql_Parser,property,1
org.apache.cassandra.cql3.Cql_Parser,propertyValue,1
org.apache.cassandra.cql3.Cql_Parser,relation,1
org.apache.cassandra.cql3.Cql_Parser,relationType,1
org.apache.cassandra.cql3.Cql_Parser,resource,1
org.apache.cassandra.cql3.Cql_Parser,roleName,1
org.apache.cassandra.cql3.Cql_Parser,roleResource,1
org.apache.cassandra.cql3.Cql_Parser,selectClause,1
org.apache.cassandra.cql3.Cql_Parser,selectionFunction,1
org.apache.cassandra.cql3.Cql_Parser,selectionGroup,1
org.apache.cassandra.cql3.Cql_Parser,selectionGroupWithoutField,1
org.apache.cassandra.cql3.Cql_Parser,selectionLiteral,1
org.apache.cassandra.cql3.Cql_Parser,selectionMapOrSet,1
org.apache.cassandra.cql3.Cql_Parser,selectionMultiplication,1
org.apache.cassandra.cql3.Cql_Parser,selector,1
org.apache.cassandra.cql3.Cql_Parser,selectorModifier,1
org.apache.cassandra.cql3.Cql_Parser,selectors,1
org.apache.cassandra.cql3.Cql_Parser,setOrMapLiteral,1
org.apache.cassandra.cql3.Cql_Parser,sident,1
org.apache.cassandra.cql3.Cql_Parser,simpleTerm,1
org.apache.cassandra.cql3.Cql_Parser,simpleUnaliasedSelector,1
org.apache.cassandra.cql3.Cql_Parser,tableClusteringOrder,1
org.apache.cassandra.cql3.Cql_Parser,tableColumns,1
org.apache.cassandra.cql3.Cql_Parser,termGroup,1
org.apache.cassandra.cql3.Cql_Parser,termMultiplication,1
org.apache.cassandra.cql3.Cql_Parser,unreserved_function_keyword,1
org.apache.cassandra.cql3.Cql_Parser,unreserved_keyword,1
org.apache.cassandra.cql3.Cql_Parser,userTypeName,1
org.apache.cassandra.cql3.Cql_Parser,username,1
org.apache.cassandra.cql3.Cql_Parser,usingClauseObjective,1
org.apache.cassandra.cql3.Cql_Parser,value,1
org.apache.cassandra.cql3.Cql_Parser,viewClusteringOrder,1
org.apache.cassandra.cql3.Cql_Parser$DFA1,NOVALUE,1
org.apache.cassandra.cql3.Cql_Parser$DFA146,NOVALUE,1
org.apache.cassandra.cql3.Cql_Parser$DFA173,NOVALUE,1
org.apache.cassandra.cql3.Cql_Parser$DFA181,NOVALUE,1
org.apache.cassandra.cql3.Cql_Parser$DFA182,NOVALUE,1
org.apache.cassandra.cql3.Cql_Parser$DFA200,NOVALUE,1
org.apache.cassandra.cql3.Cql_Parser$DFA202,NOVALUE,1
org.apache.cassandra.cql3.Cql_Parser$DFA204,NOVALUE,1
org.apache.cassandra.cql3.Cql_Parser$DFA206,NOVALUE,1
org.apache.cassandra.cql3.Cql_Parser$DFA209,NOVALUE,1
org.apache.cassandra.cql3.Cql_Parser$DFA212,NOVALUE,1
org.apache.cassandra.cql3.Cql_Parser$DFA220,NOVALUE,1
org.apache.cassandra.cql3.Cql_Parser$DFA224,NOVALUE,1
org.apache.cassandra.cql3.Cql_Parser$DFA225,NOVALUE,1
org.apache.cassandra.cql3.Cql_Parser$DFA235,NOVALUE,1
org.apache.cassandra.cql3.Cql_Parser$DFA30,NOVALUE,1
org.apache.cassandra.cql3.Cql_Parser$DFA31,NOVALUE,1
org.apache.cassandra.cql3.Cql_Parser$DFA61,NOVALUE,1
org.apache.cassandra.cql3.Lists$DelayedValue,&lt;init&gt;,1
org.apache.cassandra.cql3.Lists$Literal,&lt;init&gt;,1
org.apache.cassandra.cql3.Lists$Marker,&lt;init&gt;,1
org.apache.cassandra.cql3.Lists$SetterByIndex,&lt;init&gt;,1
org.apache.cassandra.cql3.Maps$DelayedValue,&lt;init&gt;,1
org.apache.cassandra.cql3.Maps$Marker,&lt;init&gt;,1
org.apache.cassandra.cql3.Maps$SetterByKey,&lt;init&gt;,1
org.apache.cassandra.cql3.MultiColumnRelation,getEntities,1
org.apache.cassandra.cql3.MultiColumnRelation,getInValues,1
org.apache.cassandra.cql3.Operation,&lt;init&gt;,1
org.apache.cassandra.cql3.Operations,regularOperations,1
org.apache.cassandra.cql3.Operations,staticOperations,1
org.apache.cassandra.cql3.QueryProcessor,executeInternalWithNow,1
org.apache.cassandra.cql3.QueryProcessor,getInternalStatements,1
org.apache.cassandra.cql3.QueryProcessor,getStoredPreparedStatement,1
org.apache.cassandra.cql3.ResultSet$ResultMetadata,getFlags,1
org.apache.cassandra.cql3.RoleName,setName,1
org.apache.cassandra.cql3.Sets$DelayedValue,&lt;init&gt;,1
org.apache.cassandra.cql3.Sets$Literal,&lt;init&gt;,1
org.apache.cassandra.cql3.Sets$Marker,&lt;init&gt;,1
org.apache.cassandra.cql3.SingleColumnRelation,getInValues,1
org.apache.cassandra.cql3.TokenRelation,&lt;init&gt;,1
org.apache.cassandra.cql3.Tuples$InMarker,&lt;init&gt;,1
org.apache.cassandra.cql3.Tuples$InValue,getSplitValues,1
org.apache.cassandra.cql3.Tuples$InValue,&lt;init&gt;,1
org.apache.cassandra.cql3.Tuples$Literal,&lt;init&gt;,1
org.apache.cassandra.cql3.UntypedResultSet$Row,getColumns,1
org.apache.cassandra.cql3.UpdateParameters,deletionTime,1
org.apache.cassandra.cql3.UserTypes$Marker,&lt;init&gt;,1
org.apache.cassandra.cql3.UserTypes$Value,&lt;init&gt;,1
org.apache.cassandra.cql3.VariableSpecifications,getBindVariables,1
org.apache.cassandra.cql3.VariableSpecifications,&lt;init&gt;,1
org.apache.cassandra.cql3.conditions.Conditions,&lt;clinit&gt;,1
org.apache.cassandra.cql3.functions.AbstractFunction,argTypes,1
org.apache.cassandra.cql3.functions.AbstractFunction,name,1
org.apache.cassandra.cql3.functions.AbstractFunction,returnType,1
org.apache.cassandra.cql3.functions.FunctionResolver,pickBestMatch,1
org.apache.cassandra.cql3.functions.JavaBasedUDFunction,&lt;init&gt;,1
org.apache.cassandra.cql3.functions.JavaBasedUDFunction$EcjTargetClassLoader,getPermissions,1
org.apache.cassandra.cql3.functions.TimeFcts,NOVALUE,1
org.apache.cassandra.cql3.functions.TokenFct,&lt;init&gt;,1
org.apache.cassandra.cql3.functions.UDAggregate,initialCondition,1
org.apache.cassandra.cql3.functions.UDAggregate,stateType,1
org.apache.cassandra.cql3.functions.UDAggregate,&lt;init&gt;,1
org.apache.cassandra.cql3.functions.UDFByteCodeVerifier$ExecuteImplVisitor,visitInsn,1
org.apache.cassandra.cql3.functions.UDFunction,&lt;clinit&gt;,1
org.apache.cassandra.cql3.functions.UDFunction,argNames,1
org.apache.cassandra.cql3.functions.types.DataType$CollectionType,getTypeArguments,1
org.apache.cassandra.cql3.functions.types.TypeCodec,getJavaType,1
org.apache.cassandra.cql3.functions.types.TypeCodec$BooleanCodec,parse,1
org.apache.cassandra.cql3.functions.types.TypeCodec$CustomCodec,&lt;init&gt;,1
org.apache.cassandra.cql3.restrictions.IndexRestrictions,getCustomIndexExpressions,1
org.apache.cassandra.cql3.restrictions.IndexRestrictions,getRestrictions,1
org.apache.cassandra.cql3.restrictions.MultiColumnRestriction,getColumnDefs,1
org.apache.cassandra.cql3.restrictions.MultiColumnRestriction,&lt;init&gt;,1
org.apache.cassandra.cql3.restrictions.MultiColumnRestriction$EQRestriction,&lt;init&gt;,1
org.apache.cassandra.cql3.restrictions.MultiColumnRestriction$InRestrictionWithMarker,&lt;init&gt;,1
org.apache.cassandra.cql3.restrictions.MultiColumnRestriction$InRestrictionWithValues,&lt;init&gt;,1
org.apache.cassandra.cql3.restrictions.MultiColumnRestriction$NotNullRestriction,&lt;init&gt;,1
org.apache.cassandra.cql3.restrictions.SingleColumnRestriction,getFirstColumn,1
org.apache.cassandra.cql3.restrictions.SingleColumnRestriction,getLastColumn,1
org.apache.cassandra.cql3.restrictions.SingleColumnRestriction,&lt;init&gt;,1
org.apache.cassandra.cql3.restrictions.SingleColumnRestriction$EQRestriction,&lt;init&gt;,1
org.apache.cassandra.cql3.restrictions.SingleColumnRestriction$InRestrictionWithMarker,&lt;init&gt;,1
org.apache.cassandra.cql3.restrictions.SingleColumnRestriction$InRestrictionWithValues,&lt;init&gt;,1
org.apache.cassandra.cql3.restrictions.SingleColumnRestriction$LikeRestriction,&lt;init&gt;,1
org.apache.cassandra.cql3.restrictions.StatementRestrictions,getIndexRestrictions,1
org.apache.cassandra.cql3.restrictions.StatementRestrictions,notNullColumns,1
org.apache.cassandra.cql3.restrictions.TokenRestriction,getColumnDefs,1
org.apache.cassandra.cql3.restrictions.TokenRestriction$EQRestriction,&lt;init&gt;,1
org.apache.cassandra.cql3.selection.ElementsSelector$ElementSelector,&lt;init&gt;,1
org.apache.cassandra.cql3.selection.ElementsSelector$SliceSelector,&lt;init&gt;,1
org.apache.cassandra.cql3.selection.ResultSetBuilder,build,1
org.apache.cassandra.cql3.selection.ResultSetBuilder,&lt;init&gt;,1
org.apache.cassandra.cql3.selection.Selectable$BetweenParenthesesOrWithTuple,&lt;init&gt;,1
org.apache.cassandra.cql3.selection.Selectable$BetweenParenthesesOrWithTuple$Raw,&lt;init&gt;,1
org.apache.cassandra.cql3.selection.Selectable$WithCast,&lt;init&gt;,1
org.apache.cassandra.cql3.selection.Selectable$WithElementSelection,&lt;init&gt;,1
org.apache.cassandra.cql3.selection.Selectable$WithList,&lt;init&gt;,1
org.apache.cassandra.cql3.selection.Selectable$WithList$Raw,&lt;init&gt;,1
org.apache.cassandra.cql3.selection.Selectable$WithMapOrUdt$Raw,&lt;init&gt;,1
org.apache.cassandra.cql3.selection.Selectable$WithSet,&lt;init&gt;,1
org.apache.cassandra.cql3.selection.Selectable$WithSet$Raw,&lt;init&gt;,1
org.apache.cassandra.cql3.selection.Selectable$WithTypeHint,getExactTypeIfKnown,1
org.apache.cassandra.cql3.selection.Selection,getColumns,1
org.apache.cassandra.cql3.selection.Selection,getResultMetadata,1
org.apache.cassandra.cql3.selection.Selection$SelectionWithProcessing$1,&lt;init&gt;,1
org.apache.cassandra.cql3.selection.SelectorFactories$1,apply,1
org.apache.cassandra.cql3.selection.SelectorFactories$2,apply,1
org.apache.cassandra.cql3.selection.SimpleSelector,getOutput,1
org.apache.cassandra.cql3.selection.SimpleSelector$SimpleSelectorFactory,getColumn,1
org.apache.cassandra.cql3.selection.TermSelector,getOutput,1
org.apache.cassandra.cql3.selection.TermSelector,getType,1
org.apache.cassandra.cql3.statements.AlterRoleStatement,&lt;init&gt;,1
org.apache.cassandra.cql3.statements.BatchStatement,getStatements,1
org.apache.cassandra.cql3.statements.BatchStatement$Parsed,&lt;init&gt;,1
org.apache.cassandra.cql3.statements.CreateRoleStatement,&lt;init&gt;,1
org.apache.cassandra.cql3.statements.DeleteStatement$Parsed,&lt;init&gt;,1
org.apache.cassandra.cql3.statements.DescribeStatement,getOffset,1
org.apache.cassandra.cql3.statements.ListPermissionsStatement,&lt;init&gt;,1
org.apache.cassandra.cql3.statements.ModificationStatement,allOperations,1
org.apache.cassandra.cql3.statements.ModificationStatement,getRestrictions,1
org.apache.cassandra.cql3.statements.SelectStatement,getRestrictions,1
org.apache.cassandra.cql3.statements.SelectStatement,getSelection,1
org.apache.cassandra.cql3.statements.SelectStatement$CompositeComparator,NOVALUE,1
org.apache.cassandra.cql3.statements.UpdateStatement$ParsedUpdate,&lt;init&gt;,1
org.apache.cassandra.cql3.statements.schema.AlterKeyspaceStatement,&lt;init&gt;,1
org.apache.cassandra.cql3.statements.schema.AlterKeyspaceStatement$Raw,&lt;init&gt;,1
org.apache.cassandra.cql3.statements.schema.AlterTableStatement$Raw,&lt;init&gt;,1
org.apache.cassandra.cql3.statements.schema.AlterTableStatement$RenameColumns,renameColumn,1
org.apache.cassandra.cql3.statements.schema.AlterTypeStatement$Raw,&lt;init&gt;,1
org.apache.cassandra.cql3.statements.schema.AlterViewStatement,&lt;init&gt;,1
org.apache.cassandra.cql3.statements.schema.CreateKeyspaceStatement,&lt;init&gt;,1
org.apache.cassandra.cql3.statements.schema.CreateKeyspaceStatement$Raw,&lt;init&gt;,1
org.apache.cassandra.cql3.statements.schema.CreateTableStatement$Raw,&lt;init&gt;,1
org.apache.cassandra.cql3.statements.schema.CreateTableStatement$Raw,setPartitionKeyColumns,1
org.apache.cassandra.cql3.statements.schema.CreateTriggerStatement$Raw,&lt;init&gt;,1
org.apache.cassandra.cql3.statements.schema.CreateTypeStatement$Raw,&lt;init&gt;,1
org.apache.cassandra.cql3.statements.schema.CreateViewStatement$Raw,setPartitionKeyColumns,1
org.apache.cassandra.cql3.statements.schema.DropAggregateStatement,&lt;init&gt;,1
org.apache.cassandra.cql3.statements.schema.DropFunctionStatement,&lt;init&gt;,1
org.apache.cassandra.cql3.statements.schema.DropIndexStatement$Raw,&lt;init&gt;,1
org.apache.cassandra.cql3.statements.schema.DropTableStatement$Raw,&lt;init&gt;,1
org.apache.cassandra.cql3.statements.schema.DropTriggerStatement$Raw,&lt;init&gt;,1
org.apache.cassandra.cql3.statements.schema.DropTypeStatement$Raw,&lt;init&gt;,1
org.apache.cassandra.cql3.statements.schema.DropViewStatement$Raw,&lt;init&gt;,1
org.apache.cassandra.db.AbstractCompactionController,&lt;init&gt;,1
org.apache.cassandra.db.AbstractOnHeapClusteringPrefix,getRawValues,1
org.apache.cassandra.db.AbstractOnHeapClusteringPrefix,&lt;init&gt;,1
org.apache.cassandra.db.BufferDecoratedKey,getKey,1
org.apache.cassandra.db.CBuilder,NOVALUE,1
org.apache.cassandra.db.CassandraKeyspaceWriteHandler,&lt;init&gt;,1
org.apache.cassandra.db.CassandraTableWriteHandler,&lt;init&gt;,1
org.apache.cassandra.db.ClockAndCount,NOVALUE,1
org.apache.cassandra.db.ClusteringBound,&lt;clinit&gt;,1
org.apache.cassandra.db.ClusteringPrefix$Deserializer,&lt;init&gt;,1
org.apache.cassandra.db.ColumnFamilyStore,getCompactionStrategyManager,1
org.apache.cassandra.db.ColumnFamilyStore,getDirectories,1
org.apache.cassandra.db.ColumnFamilyStore,getTracker,1
org.apache.cassandra.db.ColumnFamilyStore,getWriteHandler,1
org.apache.cassandra.db.ColumnFamilyStore,createEphemeralSnapshotMarkerFile,1
org.apache.cassandra.db.ColumnFamilyStore,scrubDataDirectories,1
org.apache.cassandra.db.ColumnIndex,indexSamples,1
org.apache.cassandra.db.ConsistencyLevel,blockForWrite,1
org.apache.cassandra.db.CounterMutation$1,apply,1
org.apache.cassandra.db.CounterMutation$1$1,apply,1
org.apache.cassandra.db.CounterMutation$1$1$1,apply,1
org.apache.cassandra.db.DataRange$Paging,&lt;init&gt;,1
org.apache.cassandra.db.DecoratedKey,&lt;init&gt;,1
org.apache.cassandra.db.DeletionInfo,&lt;clinit&gt;,1
org.apache.cassandra.db.DiskBoundaries,&lt;init&gt;,1
org.apache.cassandra.db.ExpirationDateOverflowHandling,NOVALUE,1
org.apache.cassandra.db.ExpirationDateOverflowHandling,maybeApplyExpirationDateOverflowPolicy,1
org.apache.cassandra.db.Keyspace,&lt;init&gt;,1
org.apache.cassandra.db.LivenessInfo$ExpiredLivenessInfo,&lt;init&gt;,1
org.apache.cassandra.db.LivenessInfo$ExpiringLivenessInfo,&lt;init&gt;,1
org.apache.cassandra.db.LivenessInfo$ExpiringLivenessInfo,equals,1
org.apache.cassandra.db.Memtable,put,1
org.apache.cassandra.db.Memtable,getAllocator,1
org.apache.cassandra.db.Memtable,&lt;init&gt;,1
org.apache.cassandra.db.Memtable,setDiscarding,1
org.apache.cassandra.db.Memtable,compareTo,1
org.apache.cassandra.db.MutableDeletionInfo,getPartitionDeletion,1
org.apache.cassandra.db.MutableDeletionInfo,add,1
org.apache.cassandra.db.MutableDeletionInfo$Builder,build,1
org.apache.cassandra.db.NativeClustering,&lt;init&gt;,1
org.apache.cassandra.db.NativeClustering,get,1
org.apache.cassandra.db.NativeDecoratedKey,&lt;init&gt;,1
org.apache.cassandra.db.PartitionRangeReadCommand,dataRange,1
org.apache.cassandra.db.RangeTombstone,deletionTime,1
org.apache.cassandra.db.RangeTombstone,&lt;init&gt;,1
org.apache.cassandra.db.ReadCommand,&lt;init&gt;,1
org.apache.cassandra.db.ReadCommand,indexMetadata,1
org.apache.cassandra.db.ReadExecutionController,&lt;init&gt;,1
org.apache.cassandra.db.ReadExecutionController,indexReadController,1
org.apache.cassandra.db.ReadExecutionController,metadata,1
org.apache.cassandra.db.ReadResponse$DigestResponse,&lt;init&gt;,1
org.apache.cassandra.db.RegularAndStaticColumns,&lt;init&gt;,1
org.apache.cassandra.db.RegularAndStaticColumns,NOVALUE,1
org.apache.cassandra.db.RowIndexEntry$Serializer,deserialize,1
org.apache.cassandra.db.RowIndexEntry$ShallowInfoRetriever,fetchIndex,1
org.apache.cassandra.db.SSTableImporter,&lt;init&gt;,1
org.apache.cassandra.db.SSTableImporter$Options,&lt;init&gt;,1
org.apache.cassandra.db.SSTableImporter$Options$Builder,&lt;init&gt;,1
org.apache.cassandra.db.SerializationHeader,clusteringTypes,1
org.apache.cassandra.db.SerializationHeader,keyType,1
org.apache.cassandra.db.SerializationHeader$Component,getClusteringTypes,1
org.apache.cassandra.db.SerializationHeader$Component,getKeyType,1
org.apache.cassandra.db.SerializationHeader$Component,getRegularColumns,1
org.apache.cassandra.db.SerializationHeader$Component,getStaticColumns,1
org.apache.cassandra.db.SimpleBuilders$PartitionUpdateBuilder,metadata,1
org.apache.cassandra.db.SimpleBuilders$PartitionUpdateBuilder,&lt;init&gt;,1
org.apache.cassandra.db.SimpleBuilders$RowBuilder,&lt;init&gt;,1
org.apache.cassandra.db.SinglePartitionReadCommand,&lt;init&gt;,1
org.apache.cassandra.db.SinglePartitionReadQuery$Group,&lt;init&gt;,1
org.apache.cassandra.db.Slice,&lt;init&gt;,1
org.apache.cassandra.db.SystemKeyspace,getPreviousVersionString,1
org.apache.cassandra.db.VirtualTablePartitionRangeReadQuery,dataRange,1
org.apache.cassandra.db.aggregation.GroupingState,partitionKey,1
org.apache.cassandra.db.aggregation.GroupingState,&lt;init&gt;,1
org.apache.cassandra.db.columniterator.AbstractSSTableIterator,&lt;init&gt;,1
org.apache.cassandra.db.columniterator.AbstractSSTableIterator,metadata,1
org.apache.cassandra.db.columniterator.AbstractSSTableIterator,partitionLevelDeletion,1
org.apache.cassandra.db.columniterator.AbstractSSTableIterator$IndexState,&lt;init&gt;,1
org.apache.cassandra.db.columniterator.AbstractSSTableIterator$Reader,&lt;init&gt;,1
org.apache.cassandra.db.commitlog.AbstractCommitLogService$SyncRunnable,sync,1
org.apache.cassandra.db.commitlog.CommitLog,stopUnsafe,1
org.apache.cassandra.db.commitlog.CommitLog,handleCommitError,1
org.apache.cassandra.db.commitlog.CommitLogArchiver,construct,1
org.apache.cassandra.db.commitlog.CommitLogArchiver,NOVALUE,1
org.apache.cassandra.db.commitlog.CommitLogDescriptor,equals,1
org.apache.cassandra.db.commitlog.CommitLogPosition,clone,1
org.apache.cassandra.db.commitlog.CommitLogPosition,&lt;init&gt;,1
org.apache.cassandra.db.commitlog.CommitLogReader,filterCommitLogFiles,1
org.apache.cassandra.db.commitlog.CommitLogReader$ReadStatusTracker,shouldContinue,1
org.apache.cassandra.db.commitlog.CommitLogReplayer,handleMutation,1
org.apache.cassandra.db.commitlog.CommitLogReplayer,replayFiles,1
org.apache.cassandra.db.commitlog.CommitLogReplayer,replayPath,1
org.apache.cassandra.db.commitlog.CommitLogReplayer$CustomReplayFilter$1,apply,1
org.apache.cassandra.db.commitlog.CommitLogReplayer$ReplayFilter,create,1
org.apache.cassandra.db.commitlog.CommitLogSegment,resetReplayLimit,1
org.apache.cassandra.db.commitlog.CommitLogSegment,discardUnusedTail,1
org.apache.cassandra.db.commitlog.CommitLogSegment,writeLogHeader,1
org.apache.cassandra.db.commitlog.CommitLogSegment,&lt;init&gt;,1
org.apache.cassandra.db.commitlog.CommitLogSegment,writeCDCIndexFile,1
org.apache.cassandra.db.commitlog.CommitLogSegment,NOVALUE,1
org.apache.cassandra.db.commitlog.CommitLogSegment,&lt;clinit&gt;,1
org.apache.cassandra.db.commitlog.CommitLogSegment$CommitLogSegmentFileComparator,NOVALUE,1
org.apache.cassandra.db.commitlog.EncryptedSegment,&lt;init&gt;,1
org.apache.cassandra.db.commitlog.IntervalSet,&lt;init&gt;,1
org.apache.cassandra.db.commitlog.IntervalSet$Builder,&lt;init&gt;,1
org.apache.cassandra.db.compaction.AbstractCompactionStrategy,&lt;init&gt;,1
org.apache.cassandra.db.compaction.AbstractCompactionStrategy,getDirectories,1
org.apache.cassandra.db.compaction.AbstractCompactionStrategy$ScannerList,getCompressionRatio,1
org.apache.cassandra.db.compaction.AbstractStrategyHolder$TaskSupplier,compareTo,1
org.apache.cassandra.db.compaction.CompactionController,&lt;init&gt;,1
org.apache.cassandra.db.compaction.CompactionInfo,getTableMetadata,1
org.apache.cassandra.db.compaction.CompactionIterator,getMergedRowCounts,1
org.apache.cassandra.db.compaction.CompactionIterator,&lt;init&gt;,1
org.apache.cassandra.db.compaction.CompactionLogger$CompactionLogSerializer,createStream,1
org.apache.cassandra.db.compaction.CompactionManager,getRateLimiter,1
org.apache.cassandra.db.compaction.CompactionManager,setRate,1
org.apache.cassandra.db.compaction.CompactionStrategyHolder,allStrategies,1
org.apache.cassandra.db.compaction.CompactionTask,NOVALUE,1
org.apache.cassandra.db.compaction.CompactionTask$1,apply,1
org.apache.cassandra.db.compaction.DateTieredCompactionStrategy,validateOptions,1
org.apache.cassandra.db.compaction.DateTieredCompactionStrategy$1,apply,1
org.apache.cassandra.db.compaction.LeveledCompactionStrategy,validateOptions,1
org.apache.cassandra.db.compaction.LeveledCompactionStrategy$LeveledScanner,&lt;init&gt;,1
org.apache.cassandra.db.compaction.PendingRepairHolder,getManagers,1
org.apache.cassandra.db.compaction.SSTableSplitter$SplittingCompactionTask,&lt;init&gt;,1
org.apache.cassandra.db.compaction.Scrubber,scrub,1
org.apache.cassandra.db.compaction.Scrubber,seekToNextRow,1
org.apache.cassandra.db.compaction.Scrubber,&lt;init&gt;,1
org.apache.cassandra.db.compaction.Scrubber$FixNegativeLocalDeletionTimeIterator,computeNext,1
org.apache.cassandra.db.compaction.Scrubber$NegativeLocalDeletionInfoMetrics,NOVALUE,1
org.apache.cassandra.db.compaction.SingleSSTableLCSTask,&lt;init&gt;,1
org.apache.cassandra.db.compaction.SizeTieredCompactionStrategy,validateOptions,1
org.apache.cassandra.db.compaction.TimeWindowCompactionStrategy,validateOptions,1
org.apache.cassandra.db.compaction.Upgrader,&lt;init&gt;,1
org.apache.cassandra.db.compaction.Verifier$RangeOwnHelper,&lt;init&gt;,1
org.apache.cassandra.db.compaction.writers.CompactionAwareWriter,getDirectories,1
org.apache.cassandra.db.filter.ClusteringIndexFilter,&lt;clinit&gt;,1
org.apache.cassandra.db.filter.ClusteringIndexNamesFilter,requestedRows,1
org.apache.cassandra.db.filter.ColumnFilter,equals,1
org.apache.cassandra.db.filter.ColumnSubselection,column,1
org.apache.cassandra.db.filter.ColumnSubselection$Element,compareTo,1
org.apache.cassandra.db.filter.ColumnSubselection$Slice,compareTo,1
org.apache.cassandra.db.filter.RowFilter,getExpressions,1
org.apache.cassandra.db.filter.RowFilter$CustomExpression,makeDefinition,1
org.apache.cassandra.db.filter.RowFilter$CustomExpression,getTargetIndex,1
org.apache.cassandra.db.filter.RowFilter$CustomExpression,getValue,1
org.apache.cassandra.db.filter.RowFilter$Expression,column,1
org.apache.cassandra.db.filter.RowFilter$Expression,getIndexValue,1
org.apache.cassandra.db.filter.RowFilter$Expression$Serializer,serialize,1
org.apache.cassandra.db.filter.RowFilter$Expression$Serializer,serializedSize,1
org.apache.cassandra.db.filter.RowFilter$MapEqualityExpression,&lt;init&gt;,1
org.apache.cassandra.db.lifecycle.LifecycleTransaction$ReaderState,equals,1
org.apache.cassandra.db.lifecycle.LogRecord,fileName,1
org.apache.cassandra.db.lifecycle.LogTransaction,delete,1
org.apache.cassandra.db.lifecycle.LogTransaction$SSTableTidier,&lt;init&gt;,1
org.apache.cassandra.db.lifecycle.Tracker,removeUnsafe,1
org.apache.cassandra.db.lifecycle.View,&lt;init&gt;,1
org.apache.cassandra.db.lifecycle.View,liveSSTables,1
org.apache.cassandra.db.lifecycle.View,select,1
org.apache.cassandra.db.lifecycle.View$2,apply,1
org.apache.cassandra.db.lifecycle.View$4,apply,1
org.apache.cassandra.db.lifecycle.View$5,apply,1
org.apache.cassandra.db.lifecycle.View$6,apply,1
org.apache.cassandra.db.lifecycle.View$7,apply,1
org.apache.cassandra.db.lifecycle.View$8,apply,1
org.apache.cassandra.db.marshal.AbstractType,&lt;init&gt;,1
org.apache.cassandra.db.marshal.CollectionType,equals,1
org.apache.cassandra.db.marshal.CollectionType,NOVALUE,1
org.apache.cassandra.db.marshal.CompositeType,NOVALUE,1
org.apache.cassandra.db.marshal.DynamicCompositeType$DynamicParsedComparator,&lt;init&gt;,1
org.apache.cassandra.db.marshal.EmptyType,writeValue,1
org.apache.cassandra.db.marshal.FrozenType,NOVALUE,1
org.apache.cassandra.db.marshal.ListType,getElementsType,1
org.apache.cassandra.db.marshal.ListType,valueComparator,1
org.apache.cassandra.db.marshal.ListType,NOVALUE,1
org.apache.cassandra.db.marshal.MapType,getKeysType,1
org.apache.cassandra.db.marshal.MapType,getValuesType,1
org.apache.cassandra.db.marshal.MapType,nameComparator,1
org.apache.cassandra.db.marshal.MapType,valueComparator,1
org.apache.cassandra.db.marshal.MapType,NOVALUE,1
org.apache.cassandra.db.marshal.SetType,getElementsType,1
org.apache.cassandra.db.marshal.SetType,nameComparator,1
org.apache.cassandra.db.marshal.SetType,&lt;init&gt;,1
org.apache.cassandra.db.marshal.SetType,NOVALUE,1
org.apache.cassandra.db.marshal.TupleType,allTypes,1
org.apache.cassandra.db.marshal.TupleType,subTypes,1
org.apache.cassandra.db.marshal.TypeParser,getAliasParameters,1
org.apache.cassandra.db.marshal.TypeParser,getCollectionsParameters,1
org.apache.cassandra.db.marshal.TypeParser,getKeyValueParameters,1
org.apache.cassandra.db.marshal.TypeParser,getTypeParameters,1
org.apache.cassandra.db.marshal.TypeParser,getUserTypeParameters,1
org.apache.cassandra.db.marshal.TypeParser,readNextIdentifier,1
org.apache.cassandra.db.marshal.TypeParser,skipBlankAndComma,1
org.apache.cassandra.db.marshal.TypeParser,skipBlank,1
org.apache.cassandra.db.marshal.UserType,fieldNames,1
org.apache.cassandra.db.marshal.UserType,fieldTypes,1
org.apache.cassandra.db.marshal.UserType,equals,1
org.apache.cassandra.db.monitoring.MonitoringTask,make,1
org.apache.cassandra.db.partitions.AbstractBTreePartition$ClusteringsIterator,&lt;init&gt;,1
org.apache.cassandra.db.partitions.AtomicBTreePartition$RowUpdater,apply,1
org.apache.cassandra.db.partitions.ImmutableBTreePartition,metadata,1
org.apache.cassandra.db.partitions.ImmutableBTreePartition,&lt;init&gt;,1
org.apache.cassandra.db.partitions.PartitionUpdate,metadata,1
org.apache.cassandra.db.partitions.PartitionUpdate$Builder,metadata,1
org.apache.cassandra.db.partitions.PartitionUpdate$CounterMark,column,1
org.apache.cassandra.db.repair.CassandraKeyspaceRepairManager,&lt;init&gt;,1
org.apache.cassandra.db.repair.CassandraTableRepairManager,&lt;init&gt;,1
org.apache.cassandra.db.repair.CassandraValidationIterator,getRangePartitionCounts,1
org.apache.cassandra.db.repair.CassandraValidationIterator,getSSTablesToValidate,1
org.apache.cassandra.db.repair.PendingAntiCompaction$AcquisitionCallback,apply,1
org.apache.cassandra.db.repair.PendingAntiCompaction$AntiCompactionPredicate,apply,1
org.apache.cassandra.db.rows.AbstractUnfilteredRowIterator,metadata,1
org.apache.cassandra.db.rows.AbstractUnfilteredRowIterator,partitionLevelDeletion,1
org.apache.cassandra.db.rows.ArrayCell,value,1
org.apache.cassandra.db.rows.ArrayCell,&lt;init&gt;,1
org.apache.cassandra.db.rows.BTreeRow,deletion,1
org.apache.cassandra.db.rows.BTreeRow$Builder,addRowDeletion,1
org.apache.cassandra.db.rows.BTreeRow$Builder,build,1
org.apache.cassandra.db.rows.BufferCell,value,1
org.apache.cassandra.db.rows.ColumnData,column,1
org.apache.cassandra.db.rows.ComplexColumnData,&lt;init&gt;,1
org.apache.cassandra.db.rows.ComplexColumnData,complexDeletion,1
org.apache.cassandra.db.rows.ComplexColumnData$Builder,addComplexDeletion,1
org.apache.cassandra.db.rows.ComplexColumnData$Builder,newColumn,1
org.apache.cassandra.db.rows.EncodingStats,NOVALUE,1
org.apache.cassandra.db.rows.RangeTombstoneBoundMarker,closeDeletionTime,1
org.apache.cassandra.db.rows.RangeTombstoneBoundMarker,deletionTime,1
org.apache.cassandra.db.rows.RangeTombstoneBoundMarker,openDeletionTime,1
org.apache.cassandra.db.rows.RangeTombstoneBoundMarker,&lt;init&gt;,1
org.apache.cassandra.db.rows.RangeTombstoneBoundaryMarker,endDeletionTime,1
org.apache.cassandra.db.rows.RangeTombstoneBoundaryMarker,startDeletionTime,1
org.apache.cassandra.db.rows.RangeTombstoneMarker$Merger,mergedMarkers,1
org.apache.cassandra.db.rows.RangeTombstoneMarker$Merger,&lt;init&gt;,1
org.apache.cassandra.db.rows.Row$Deletion,time,1
org.apache.cassandra.db.rows.Row$Merger,mergedRows,1
org.apache.cassandra.db.rows.ThrottledUnfilteredIterator,&lt;init&gt;,1
org.apache.cassandra.db.rows.UnfilteredRowIteratorWithLowerBound,&lt;init&gt;,1
org.apache.cassandra.db.streaming.CassandraIncomingFile,getSSTable,1
org.apache.cassandra.db.streaming.CassandraIncomingFile,session,1
org.apache.cassandra.db.streaming.CassandraOutgoingFile,&lt;init&gt;,1
org.apache.cassandra.db.streaming.CassandraStreamHeader$Builder,withSections,1
org.apache.cassandra.db.streaming.CassandraStreamManager,&lt;init&gt;,1
org.apache.cassandra.db.streaming.CassandraStreamReader$StreamDeserializer,metadata,1
org.apache.cassandra.db.streaming.CassandraStreamReader$StreamDeserializer,partitionLevelDeletion,1
org.apache.cassandra.db.streaming.CassandraStreamReceiver,received,1
org.apache.cassandra.db.view.TableViews,pushViewReplicaUpdates,1
org.apache.cassandra.db.view.View,getDefinition,1
org.apache.cassandra.db.view.View,&lt;init&gt;,1
org.apache.cassandra.db.view.View,updateDefinition,1
org.apache.cassandra.db.view.View,NOVALUE,1
org.apache.cassandra.db.view.ViewBuilder$1,onSuccess,1
org.apache.cassandra.db.view.ViewBuilderTask,&lt;init&gt;,1
org.apache.cassandra.db.view.ViewManager,&lt;init&gt;,1
org.apache.cassandra.db.virtual.AbstractVirtualTable,&lt;init&gt;,1
org.apache.cassandra.db.virtual.AbstractVirtualTable,metadata,1
org.apache.cassandra.db.virtual.SimpleDataSet,&lt;init&gt;,1
org.apache.cassandra.db.virtual.SimpleDataSet,column,1
org.apache.cassandra.db.virtual.SystemViewsKeyspace,NOVALUE,1
org.apache.cassandra.dht.AbstractBounds,&lt;init&gt;,1
org.apache.cassandra.dht.Bounds,&lt;init&gt;,1
org.apache.cassandra.dht.ByteOrderedPartitioner$1,fromString,1
org.apache.cassandra.dht.ByteOrderedPartitioner$1,validate,1
org.apache.cassandra.dht.ByteOrderedPartitioner$BytesToken,getTokenValue,1
org.apache.cassandra.dht.ByteOrderedPartitioner$BytesToken,&lt;init&gt;,1
org.apache.cassandra.dht.ExcludingBounds,&lt;init&gt;,1
org.apache.cassandra.dht.IncludingExcludingBounds,&lt;init&gt;,1
org.apache.cassandra.dht.LocalPartitioner,getTokenValidator,1
org.apache.cassandra.dht.LocalPartitioner,partitionOrdering,1
org.apache.cassandra.dht.LocalPartitioner,&lt;init&gt;,1
org.apache.cassandra.dht.Range$OrderedRangeContainmentChecker,&lt;init&gt;,1
org.apache.cassandra.dht.RangeFetchMapCalculator$EndpointVertex,&lt;init&gt;,1
org.apache.cassandra.dht.RangeFetchMapCalculator$RangeVertex,&lt;init&gt;,1
org.apache.cassandra.dht.RangeStreamer$AllowedSourcesFilter,&lt;init&gt;,1
org.apache.cassandra.dht.RangeStreamer$AllowedSourcesFilter,apply,1
org.apache.cassandra.dht.RangeStreamer$ExcludeLocalNodeFilter,apply,1
org.apache.cassandra.dht.RangeStreamer$FailureDetectorSourceFilter,&lt;init&gt;,1
org.apache.cassandra.dht.RangeStreamer$FailureDetectorSourceFilter,apply,1
org.apache.cassandra.dht.RangeStreamer$FetchReplica,&lt;init&gt;,1
org.apache.cassandra.dht.tokenallocator.OfflineTokenAllocator$FakeNode,tokens,1
org.apache.cassandra.dht.tokenallocator.TokenAllocatorBase$Weighted,compareTo,1
org.apache.cassandra.diag.DiagnosticEventPersistence,&lt;init&gt;,1
org.apache.cassandra.diag.store.DiagnosticEventMemoryStore,setMaxSize,1
org.apache.cassandra.gms.ArrivalWindow,phi,1
org.apache.cassandra.gms.ArrivalWindow,&lt;init&gt;,1
org.apache.cassandra.gms.ArrivalWindow,NOVALUE,1
org.apache.cassandra.gms.FailureDetector,dumpInterArrivalTimes,1
org.apache.cassandra.gms.FailureDetector,getPhiValues,1
org.apache.cassandra.gms.GossipDigest,compareTo,1
org.apache.cassandra.gms.GossipDigestSyn,&lt;init&gt;,1
org.apache.cassandra.gms.Gossiper,doStatusCheck,1
org.apache.cassandra.gms.VersionedValue,compareTo,1
org.apache.cassandra.hadoop.ColumnFamilySplit,getLocations,1
org.apache.cassandra.hadoop.ReporterWrapper,&lt;init&gt;,1
org.apache.cassandra.hadoop.cql3.CqlRecordReader,initialize,1
org.apache.cassandra.hadoop.cql3.CqlRecordReader$RowIterator,&lt;init&gt;,1
org.apache.cassandra.hadoop.cql3.CqlRecordWriter,appendKeyWhereClauses,1
org.apache.cassandra.hadoop.cql3.LimitedLocalNodeFirstLocalBalancingPolicy$1,apply,1
org.apache.cassandra.hints.ChecksummedDataInput,getChannel,1
org.apache.cassandra.hints.CompressedChecksummedDataInput,readBuffer,1
org.apache.cassandra.hints.CompressedHintsWriter,&lt;init&gt;,1
org.apache.cassandra.hints.EncryptedChecksummedDataInput,&lt;init&gt;,1
org.apache.cassandra.hints.HintMessage$Serializer,deserialize,1
org.apache.cassandra.hints.HintsDescriptor,isHintFileName,1
org.apache.cassandra.hints.HintsReader$HintsIterator,readHint,1
org.apache.cassandra.hints.HintsService,NOVALUE,1
org.apache.cassandra.hints.HintsStore,delete,1
org.apache.cassandra.index.internal.CassandraIndex,&lt;init&gt;,1
org.apache.cassandra.index.internal.CassandraIndex,getIndexCfs,1
org.apache.cassandra.index.internal.CassandraIndex,getIndexMetadata,1
org.apache.cassandra.index.internal.CassandraIndex,getIndexedColumn,1
org.apache.cassandra.index.sasi.SASIIndex,getIndexMetadata,1
org.apache.cassandra.index.sasi.SSTableIndex,&lt;init&gt;,1
org.apache.cassandra.index.sasi.SSTableIndex,getSSTable,1
org.apache.cassandra.index.sasi.SSTableIndex$DecoratedKeyFetcher,apply,1
org.apache.cassandra.index.sasi.analyzer.NoOpAnalyzer,reset,1
org.apache.cassandra.index.sasi.analyzer.NonTokenizingAnalyzer,reset,1
org.apache.cassandra.index.sasi.analyzer.StandardAnalyzer,NOVALUE,1
org.apache.cassandra.index.sasi.analyzer.StandardTokenizerImpl,zzUnpackAction,1
org.apache.cassandra.index.sasi.analyzer.StandardTokenizerImpl,zzUnpackAttribute,1
org.apache.cassandra.index.sasi.analyzer.StandardTokenizerImpl,zzUnpackRowMap,1
org.apache.cassandra.index.sasi.analyzer.StandardTokenizerImpl,zzUnpackTrans,1
org.apache.cassandra.index.sasi.analyzer.StandardTokenizerImpl,zzUnpackcmap_blocks,1
org.apache.cassandra.index.sasi.analyzer.StandardTokenizerImpl,zzUnpackcmap_top,1
org.apache.cassandra.index.sasi.analyzer.StandardTokenizerImpl,getBytes,1
org.apache.cassandra.index.sasi.analyzer.filter.FilterPipelineBuilder,build,1
org.apache.cassandra.index.sasi.analyzer.filter.FilterPipelineBuilder,add,1
org.apache.cassandra.index.sasi.analyzer.filter.FilterPipelineTask,NOVALUE,1
org.apache.cassandra.index.sasi.analyzer.filter.StemmerFactory,getStemmer,1
org.apache.cassandra.index.sasi.conf.ColumnIndex,getDefinition,1
org.apache.cassandra.index.sasi.conf.ColumnIndex,keyValidator,1
org.apache.cassandra.index.sasi.conf.DataTracker,&lt;init&gt;,1
org.apache.cassandra.index.sasi.conf.IndexMode,getAnalyzer,1
org.apache.cassandra.index.sasi.conf.view.PrefixTermTree,search,1
org.apache.cassandra.index.sasi.conf.view.RangeTermTree$Term,compareTo,1
org.apache.cassandra.index.sasi.conf.view.View$Key,compareTo,1
org.apache.cassandra.index.sasi.disk.AbstractTokenTreeBuilder$InteriorNode,&lt;init&gt;,1
org.apache.cassandra.index.sasi.disk.AbstractTokenTreeBuilder$Leaf,&lt;init&gt;,1
org.apache.cassandra.index.sasi.disk.AbstractTokenTreeBuilder$Node,&lt;init&gt;,1
org.apache.cassandra.index.sasi.disk.OnDiskIndex,getComparator,1
org.apache.cassandra.index.sasi.disk.OnDiskIndex,maxKey,1
org.apache.cassandra.index.sasi.disk.OnDiskIndex,maxTerm,1
org.apache.cassandra.index.sasi.disk.OnDiskIndex,minKey,1
org.apache.cassandra.index.sasi.disk.OnDiskIndex,minTerm,1
org.apache.cassandra.index.sasi.disk.OnDiskIndex$DataLevel,&lt;init&gt;,1
org.apache.cassandra.index.sasi.disk.OnDiskIndex$DataLevel,getSuperBlock,1
org.apache.cassandra.index.sasi.disk.OnDiskIndex$DataTerm,compareTo,1
org.apache.cassandra.index.sasi.disk.OnDiskIndex$Level,getBlock,1
org.apache.cassandra.index.sasi.disk.OnDiskIndex$TermIterator,&lt;init&gt;,1
org.apache.cassandra.index.sasi.disk.PerSSTableIndexWriter,getDescriptor,1
org.apache.cassandra.index.sasi.disk.TokenTree$OnDiskToken,getEntryPosition,1
org.apache.cassandra.index.sasi.memory.TrieMemIndex,&lt;init&gt;,1
org.apache.cassandra.index.sasi.plan.Expression,validateStringValue,1
org.apache.cassandra.index.sasi.plan.Operation,lambda$analyzeGroup$0,1
org.apache.cassandra.index.sasi.plan.Operation,analyzeGroup,1
org.apache.cassandra.index.sasi.plan.Operation$Builder,setLeft,1
org.apache.cassandra.index.sasi.plan.Operation$Builder,setRight,1
org.apache.cassandra.index.sasi.sa.IndexedTerm,getBytes,1
org.apache.cassandra.index.sasi.sa.IndexedTerm,&lt;init&gt;,1
org.apache.cassandra.index.sasi.sa.SA,&lt;init&gt;,1
org.apache.cassandra.index.sasi.sa.Term,getTokens,1
org.apache.cassandra.index.sasi.sa.Term,&lt;init&gt;,1
org.apache.cassandra.index.sasi.utils.CombinedTerm,&lt;init&gt;,1
org.apache.cassandra.index.sasi.utils.CombinedTerm,compareTo,1
org.apache.cassandra.index.sasi.utils.CombinedTermIterator,maxTerm,1
org.apache.cassandra.index.sasi.utils.CombinedTermIterator,minTerm,1
org.apache.cassandra.index.sasi.utils.RangeIterator$Builder$Statistics,update,1
org.apache.cassandra.index.sasi.utils.trie.AbstractPatriciaTrie,decrementSize,1
org.apache.cassandra.index.sasi.utils.trie.AbstractPatriciaTrie,incrementSize,1
org.apache.cassandra.index.sasi.utils.trie.AbstractPatriciaTrie,clear,1
org.apache.cassandra.index.sasi.utils.trie.PatriciaTrie$PrefixRangeMap,fixup,1
org.apache.cassandra.index.sasi.utils.trie.PatriciaTrie$RangeEntrySet,&lt;init&gt;,1
org.apache.cassandra.io.compress.CompressedSequentialWriter,NOVALUE,1
org.apache.cassandra.io.compress.CompressionMetadata$Chunk,&lt;init&gt;,1
org.apache.cassandra.io.compress.ZstdCompressor,getOrDefaultCompressionLevel,1
org.apache.cassandra.io.sstable.AbstractSSTableSimpleWriter,setRangeAwareWriting,1
org.apache.cassandra.io.sstable.CQLSSTableWriter$Builder,NOVALUE,1
org.apache.cassandra.io.sstable.Descriptor,NOVALUE,1
org.apache.cassandra.io.sstable.Descriptor,getTemporaryFiles,1
org.apache.cassandra.io.sstable.IndexInfo$Serializer,&lt;init&gt;,1
org.apache.cassandra.io.sstable.IndexSummary,binarySearch,1
org.apache.cassandra.io.sstable.IndexSummaryBuilder,&lt;clinit&gt;,1
org.apache.cassandra.io.sstable.IndexSummaryRedistribution,adjustSamplingLevels,1
org.apache.cassandra.io.sstable.IndexSummaryRedistribution,&lt;init&gt;,1
org.apache.cassandra.io.sstable.IndexSummaryRedistribution$ReadRateComparator,NOVALUE,1
org.apache.cassandra.io.sstable.KeyIterator,&lt;init&gt;,1
org.apache.cassandra.io.sstable.SSTable,&lt;init&gt;,1
org.apache.cassandra.io.sstable.SSTable,&lt;clinit&gt;,1
org.apache.cassandra.io.sstable.SSTable,appendTOC,1
org.apache.cassandra.io.sstable.SSTableHeaderFix,validateClusteringColumns,1
org.apache.cassandra.io.sstable.SSTableHeaderFix,validatePartitionKey,1
org.apache.cassandra.io.sstable.SSTableIdentityIterator,partitionLevelDeletion,1
org.apache.cassandra.io.sstable.SSTableIdentityIterator,compareTo,1
org.apache.cassandra.io.sstable.SSTableLoader,getFailedHosts,1
org.apache.cassandra.io.sstable.SSTableLoader,&lt;init&gt;,1
org.apache.cassandra.io.sstable.SSTableLoader$Client,getEndpointToRangesMap,1
org.apache.cassandra.io.sstable.SSTableRewriter,currentWriter,1
org.apache.cassandra.io.sstable.SSTableRewriter,finished,1
org.apache.cassandra.io.sstable.SSTableRewriter,switchWriter,1
org.apache.cassandra.io.sstable.SSTableRewriter,NOVALUE,1
org.apache.cassandra.io.sstable.SSTableTxnWriter,&lt;init&gt;,1
org.apache.cassandra.io.sstable.format.RangeAwareSSTableWriter,finished,1
org.apache.cassandra.io.sstable.format.SSTableReader,getBloomFilter,1
org.apache.cassandra.io.sstable.format.SSTableReader,getIndexFile,1
org.apache.cassandra.io.sstable.format.SSTableReader,getKeyCache,1
org.apache.cassandra.io.sstable.format.SSTableReader,lambda$static$3,1
org.apache.cassandra.io.sstable.format.SSTableReaderBuilder,bf,1
org.apache.cassandra.io.sstable.format.SSTableReaderBuilder,dfile,1
org.apache.cassandra.io.sstable.format.SSTableReaderBuilder,ifile,1
org.apache.cassandra.io.sstable.format.SSTableReaderBuilder,summary,1
org.apache.cassandra.io.sstable.format.big.BigTableScanner,&lt;init&gt;,1
org.apache.cassandra.io.sstable.format.big.BigTableScanner$EmptySSTableScanner,&lt;init&gt;,1
org.apache.cassandra.io.sstable.format.big.BigTableScanner$EmptySSTableScanner,next,1
org.apache.cassandra.io.sstable.format.big.BigTableZeroCopyWriter,finish,1
org.apache.cassandra.io.sstable.metadata.MetadataCollector,finalizeMetadata,1
org.apache.cassandra.io.sstable.metadata.MetadataSerializer,deserialize,1
org.apache.cassandra.io.util.AbstractReaderFileProxy,channel,1
org.apache.cassandra.io.util.BufferManagingRebufferer,buffer,1
org.apache.cassandra.io.util.BufferManagingRebufferer$Aligned,&lt;init&gt;,1
org.apache.cassandra.io.util.ChannelProxy,&lt;init&gt;,1
org.apache.cassandra.io.util.ChecksumWriter,&lt;init&gt;,1
org.apache.cassandra.io.util.CompressedChunkReader,&lt;init&gt;,1
org.apache.cassandra.io.util.CompressedChunkReader$Mmap,&lt;init&gt;,1
org.apache.cassandra.io.util.FileHandle$Builder,&lt;init&gt;,1
org.apache.cassandra.io.util.FileHandle$Builder,withChunkCache,1
org.apache.cassandra.io.util.FileHandle$Builder,withCompressionMetadata,1
org.apache.cassandra.io.util.FileUtils,parseFileSize,1
org.apache.cassandra.io.util.FileUtils,deleteChildrenRecursive,1
org.apache.cassandra.io.util.FileUtils,deleteRecursiveOnExit,1
org.apache.cassandra.io.util.FileUtils,deleteRecursiveWithThrottle,1
org.apache.cassandra.io.util.FileUtils,moveRecursively,1
org.apache.cassandra.io.util.FileUtils,delete,1
org.apache.cassandra.io.util.LengthAvailableInputStream,skip,1
org.apache.cassandra.io.util.LimitingRebufferer,buffer,1
org.apache.cassandra.io.util.LimitingRebufferer,&lt;init&gt;,1
org.apache.cassandra.io.util.Memory,&lt;init&gt;,1
org.apache.cassandra.io.util.Memory,equals,1
org.apache.cassandra.io.util.MemoryInputStream,&lt;init&gt;,1
org.apache.cassandra.io.util.MemoryOutputStream,&lt;init&gt;,1
org.apache.cassandra.io.util.MmappedRegions,NOVALUE,1
org.apache.cassandra.io.util.RewindableDataInputStreamPlus,close,1
org.apache.cassandra.io.util.SafeMemory,&lt;init&gt;,1
org.apache.cassandra.io.util.SafeMemory,equals,1
org.apache.cassandra.io.util.SafeMemoryWriter,currentBuffer,1
org.apache.cassandra.io.util.SequentialWriter,&lt;init&gt;,1
org.apache.cassandra.locator.AbstractReplicaCollection,equals,1
org.apache.cassandra.locator.AbstractReplicaCollection$ReplicaList,&lt;init&gt;,1
org.apache.cassandra.locator.AbstractReplicationStrategy,&lt;init&gt;,1
org.apache.cassandra.locator.AlibabaCloudSnitch,&lt;init&gt;,1
org.apache.cassandra.locator.CloudstackSnitch,&lt;init&gt;,1
org.apache.cassandra.locator.Ec2MultiRegionSnitch,&lt;init&gt;,1
org.apache.cassandra.locator.EndpointsForRange,&lt;init&gt;,1
org.apache.cassandra.locator.EndpointsForToken,&lt;init&gt;,1
org.apache.cassandra.locator.GoogleCloudSnitch,&lt;init&gt;,1
org.apache.cassandra.locator.GossipingPropertyFileSnitch,&lt;init&gt;,1
org.apache.cassandra.locator.NetworkTopologyStrategy,&lt;init&gt;,1
org.apache.cassandra.locator.RangesAtEndpoint,&lt;init&gt;,1
org.apache.cassandra.locator.ReplicaLayout$ForWrite,&lt;init&gt;,1
org.apache.cassandra.locator.ReplicaMultimap,asMap,1
org.apache.cassandra.locator.ReplicaPlan,&lt;init&gt;,1
org.apache.cassandra.locator.ReplicaPlan,keyspace,1
org.apache.cassandra.locator.SimpleStrategy,&lt;init&gt;,1
org.apache.cassandra.locator.SnitchProperties,&lt;init&gt;,1
org.apache.cassandra.locator.TokenMetadata,sortedTokens,1
org.apache.cassandra.locator.TokenMetadata,calculatePendingRanges,1
org.apache.cassandra.metrics.ClearableHistogram,&lt;init&gt;,1
org.apache.cassandra.metrics.ClientMetrics,init,1
org.apache.cassandra.metrics.ClientMetrics,NOVALUE,1
org.apache.cassandra.metrics.FrequencySampler,NOVALUE,1
org.apache.cassandra.metrics.HintedHandoffMetrics,incrCreatedHints,1
org.apache.cassandra.metrics.HintedHandoffMetrics,incrPastWindow,1
org.apache.cassandra.metrics.HintsServiceMetrics,updateDelayMetrics,1
org.apache.cassandra.metrics.KeyspaceMetrics,&lt;init&gt;,1
org.apache.cassandra.metrics.LatencyMetrics$LatencyMetricsTimer,&lt;init&gt;,1
org.apache.cassandra.metrics.MaxSampler,NOVALUE,1
org.apache.cassandra.metrics.RestorableMeter$RestorableEWMA,tick,1
org.apache.cassandra.metrics.TableMetrics,&lt;init&gt;,1
org.apache.cassandra.net.AcceptVersions,equals,1
org.apache.cassandra.net.AsyncMessageOutputPlus,close,1
org.apache.cassandra.net.HandshakeProtocol$Accept,equals,1
org.apache.cassandra.net.HandshakeProtocol$ConfirmOutboundPre40,equals,1
org.apache.cassandra.net.HandshakeProtocol$Initiate,equals,1
org.apache.cassandra.net.InboundMessageHandlers,&lt;init&gt;,1
org.apache.cassandra.net.Message$Builder,ofVerb,1
org.apache.cassandra.net.OutboundConnection,&lt;init&gt;,1
org.apache.cassandra.net.OutboundConnection$Delivery,setInProgress,1
org.apache.cassandra.net.OutboundConnectionInitiator$Handler,decode,1
org.apache.cassandra.net.RequestCallbacks$WriteCallbackInfo,&lt;init&gt;,1
org.apache.cassandra.net.ResourceLimits$EndpointAndGlobal,endpoint,1
org.apache.cassandra.net.ResourceLimits$EndpointAndGlobal,global,1
org.apache.cassandra.net.ShareableBytes,get,1
org.apache.cassandra.net.SharedDefaultFileRegion,&lt;init&gt;,1
org.apache.cassandra.notifications.SSTableAddedNotification,&lt;init&gt;,1
org.apache.cassandra.repair.LocalSyncTask,onSuccess,1
org.apache.cassandra.repair.RepairJob,&lt;init&gt;,1
org.apache.cassandra.repair.RepairMessageVerbHandler,NOVALUE,1
org.apache.cassandra.repair.RepairMessageVerbHandler,previewKind,1
org.apache.cassandra.repair.RepairRunnable,&lt;init&gt;,1
org.apache.cassandra.repair.RepairRunnable$1,apply,1
org.apache.cassandra.repair.RepairSession,&lt;init&gt;,1
org.apache.cassandra.repair.StreamingRepairTask,&lt;init&gt;,1
org.apache.cassandra.repair.StreamingRepairTask,onSuccess,1
org.apache.cassandra.repair.SyncNodePair,NOVALUE,1
org.apache.cassandra.repair.Validator,rowHash,1
org.apache.cassandra.repair.Validator,prepare,1
org.apache.cassandra.repair.asymmetric.StreamFromOptions,allStreams,1
org.apache.cassandra.repair.consistent.CoordinatorSession,finalizePropose,1
org.apache.cassandra.repair.consistent.CoordinatorSession,prepare,1
org.apache.cassandra.repair.consistent.CoordinatorSession$1,apply,1
org.apache.cassandra.repair.consistent.LocalSessions,start,1
org.apache.cassandra.repair.consistent.LocalSessions$1,onSuccess,1
org.apache.cassandra.repair.consistent.SyncStatSummary,NOVALUE,1
org.apache.cassandra.repair.consistent.SyncStatSummary$Table,toString,1
org.apache.cassandra.repair.messages.FailSession,&lt;init&gt;,1
org.apache.cassandra.repair.messages.FinalizeCommit,&lt;init&gt;,1
org.apache.cassandra.repair.messages.FinalizePromise,&lt;init&gt;,1
org.apache.cassandra.repair.messages.FinalizePropose,&lt;init&gt;,1
org.apache.cassandra.repair.messages.PrepareConsistentRequest,&lt;init&gt;,1
org.apache.cassandra.repair.messages.PrepareConsistentResponse,&lt;init&gt;,1
org.apache.cassandra.repair.messages.RepairOption,getColumnFamilies,1
org.apache.cassandra.repair.messages.RepairOption,getDataCenters,1
org.apache.cassandra.repair.messages.RepairOption,getHosts,1
org.apache.cassandra.repair.messages.RepairOption,getRanges,1
org.apache.cassandra.repair.messages.StatusResponse,&lt;init&gt;,1
org.apache.cassandra.repair.messages.ValidationResponse,&lt;init&gt;,1
org.apache.cassandra.schema.CachingParams,NOVALUE,1
org.apache.cassandra.schema.ColumnMetadata,equals,1
org.apache.cassandra.schema.IndexMetadata,&lt;init&gt;,1
org.apache.cassandra.schema.KeyspaceMetadata,toCqlString,1
org.apache.cassandra.schema.KeyspaceParams,NOVALUE,1
org.apache.cassandra.schema.MigrationCoordinator,&lt;init&gt;,1
org.apache.cassandra.schema.MigrationManager$MigrationsSerializer,NOVALUE,1
org.apache.cassandra.schema.SchemaConstants,NOVALUE,1
org.apache.cassandra.schema.TableId,forSystemTable,1
org.apache.cassandra.schema.TableMetadata,appendCqlTo,1
org.apache.cassandra.schema.TableMetadata$Builder,flags,1
org.apache.cassandra.schema.TableMetadata$CompactTableMetadata,&lt;init&gt;,1
org.apache.cassandra.schema.TableMetadata$CompactTableMetadata,equals,1
org.apache.cassandra.schema.TableMetadataRef,get,1
org.apache.cassandra.schema.TableMetadataRef,setLocalOverrides,1
org.apache.cassandra.schema.TableMetadataRef,NOVALUE,1
org.apache.cassandra.schema.TableParams$Builder,compression,1
org.apache.cassandra.security.CipherFactory,&lt;init&gt;,1
org.apache.cassandra.security.EncryptionContext,getIV,1
org.apache.cassandra.security.EncryptionContext,getTransparentDataEncryptionOptions,1
org.apache.cassandra.security.EncryptionContext,equals,1
org.apache.cassandra.security.EncryptionUtils$ChannelProxyReadChannel,&lt;init&gt;,1
org.apache.cassandra.security.JKSKeyProvider,getSecretKey,1
org.apache.cassandra.security.SSLFactory,validateSslContext,1
org.apache.cassandra.security.SecurityThreadGroup,&lt;init&gt;,1
org.apache.cassandra.serializers.BooleanSerializer,deserialize,1
org.apache.cassandra.service.AbstractWriteResponseHandler,setIdealCLResponseHandler,1
org.apache.cassandra.service.ActiveRepairService$ParentRepairSession,getKeyspace,1
org.apache.cassandra.service.ActiveRepairService$ParentRepairSession,&lt;init&gt;,1
org.apache.cassandra.service.BatchlogResponseHandler,&lt;init&gt;,1
org.apache.cassandra.service.CacheService,&lt;init&gt;,1
org.apache.cassandra.service.CassandraDaemon,completeSetup,1
org.apache.cassandra.service.CassandraDaemon,deactivate,1
org.apache.cassandra.service.CassandraDaemon,stop,1
org.apache.cassandra.service.CassandraDaemon,getInstanceForTesting,1
org.apache.cassandra.service.CassandraDaemon,NOVALUE,1
org.apache.cassandra.service.CassandraDaemon,migrateSystemDataIfNeeded,1
org.apache.cassandra.service.CassandraDaemon,maybeInitJmx,1
org.apache.cassandra.service.ClientWarn,NOVALUE,1
org.apache.cassandra.service.DatacenterSyncWriteResponseHandler,&lt;init&gt;,1
org.apache.cassandra.service.DatacenterWriteResponseHandler,&lt;init&gt;,1
org.apache.cassandra.service.DefaultFSErrorHandler,handleCorruptSSTable,1
org.apache.cassandra.service.GCInspector,&lt;init&gt;,1
org.apache.cassandra.service.QueryState,getClientState,1
org.apache.cassandra.service.QueryState,&lt;init&gt;,1
org.apache.cassandra.service.StartupChecks$9$1,preVisitDirectory,1
org.apache.cassandra.service.StorageProxy,mutateAtomically,1
org.apache.cassandra.service.StorageProxy,setMaxHintsInProgress,1
org.apache.cassandra.service.StorageProxy$LocalReadRunnable,&lt;init&gt;,1
org.apache.cassandra.service.StorageService,setTraceProbability,1
org.apache.cassandra.service.StorageService,getTokenMetadata,1
org.apache.cassandra.service.StorageService,registerDaemon,1
org.apache.cassandra.service.StorageService,clearSnapshot,1
org.apache.cassandra.service.StorageService,checkForEndpointCollision,1
org.apache.cassandra.service.StorageService,onChange,1
org.apache.cassandra.service.StorageService,updatePeerInfo,1
org.apache.cassandra.service.StorageService,bypassConcurrentValidatorsLimit,1
org.apache.cassandra.service.StorageService,enforceConcurrentValidatorsLimit,1
org.apache.cassandra.service.StorageService,drain,1
org.apache.cassandra.service.TokenRange$EndpointDetails,&lt;init&gt;,1
org.apache.cassandra.service.TruncateResponseHandler,&lt;init&gt;,1
org.apache.cassandra.service.paxos.Commit,&lt;init&gt;,1
org.apache.cassandra.service.paxos.PrepareResponse,&lt;init&gt;,1
org.apache.cassandra.service.paxos.PrepareVerbHandler,NOVALUE,1
org.apache.cassandra.service.reads.ResponseResolver,getMessages,1
org.apache.cassandra.service.reads.ShortReadPartitionsProtection,&lt;init&gt;,1
org.apache.cassandra.service.reads.repair.PartitionIteratorMergeListener,&lt;init&gt;,1
org.apache.cassandra.service.reads.repair.RowIteratorMergeListener,onMergedPartitionLevelDeletion,1
org.apache.cassandra.streaming.DefaultConnectionFactory,NOVALUE,1
org.apache.cassandra.streaming.PreviewKind$PreviewRepairedSSTablePredicate,apply,1
org.apache.cassandra.streaming.ProgressInfo,&lt;init&gt;,1
org.apache.cassandra.streaming.ReplicationDoneVerbHandler,NOVALUE,1
org.apache.cassandra.streaming.SessionInfo$1,apply,1
org.apache.cassandra.streaming.SessionSummary,&lt;init&gt;,1
org.apache.cassandra.streaming.SessionSummary,NOVALUE,1
org.apache.cassandra.streaming.StreamManager$1,apply,1
org.apache.cassandra.streaming.StreamPlan,getCoordinator,1
org.apache.cassandra.streaming.StreamRequest,&lt;init&gt;,1
org.apache.cassandra.streaming.StreamResultFuture,getCoordinator,1
org.apache.cassandra.streaming.StreamSession,getMessageSender,1
org.apache.cassandra.streaming.StreamSession,init,1
org.apache.cassandra.streaming.StreamSummary,NOVALUE,1
org.apache.cassandra.streaming.async.NettyStreamingMessageSender,&lt;init&gt;,1
org.apache.cassandra.streaming.async.NettyStreamingMessageSender$FileStreamTask,onError,1
org.apache.cassandra.streaming.async.StreamingInboundHandler,&lt;init&gt;,1
org.apache.cassandra.streaming.management.SessionInfoCompositeData$1,apply,1
org.apache.cassandra.streaming.management.SessionInfoCompositeData$2,apply,1
org.apache.cassandra.streaming.management.SessionInfoCompositeData$3,apply,1
org.apache.cassandra.streaming.management.SessionInfoCompositeData$4,apply,1
org.apache.cassandra.streaming.management.StreamEventJMXNotifier,onSuccess,1
org.apache.cassandra.streaming.management.StreamStateCompositeData,toCompositeData,1
org.apache.cassandra.streaming.management.StreamStateCompositeData$1,apply,1
org.apache.cassandra.streaming.management.StreamStateCompositeData$2,apply,1
org.apache.cassandra.streaming.messages.CompleteMessage,NOVALUE,1
org.apache.cassandra.streaming.messages.IncomingStreamMessage,NOVALUE,1
org.apache.cassandra.streaming.messages.KeepAliveMessage,NOVALUE,1
org.apache.cassandra.streaming.messages.OutgoingStreamMessage,NOVALUE,1
org.apache.cassandra.streaming.messages.PrepareAckMessage,NOVALUE,1
org.apache.cassandra.streaming.messages.PrepareSynAckMessage,NOVALUE,1
org.apache.cassandra.streaming.messages.PrepareSynMessage,NOVALUE,1
org.apache.cassandra.streaming.messages.ReceivedMessage,NOVALUE,1
org.apache.cassandra.streaming.messages.SessionFailedMessage,NOVALUE,1
org.apache.cassandra.streaming.messages.StreamInitMessage,NOVALUE,1
org.apache.cassandra.tools.AbstractJmxClient,setOutput,1
org.apache.cassandra.tools.BootstrapMonitor,&lt;init&gt;,1
org.apache.cassandra.tools.BootstrapMonitor,awaitCompletion,1
org.apache.cassandra.tools.BulkLoadConnectionFactory,&lt;init&gt;,1
org.apache.cassandra.tools.ColumnFamilyStoreMBeanIterator,&lt;init&gt;,1
org.apache.cassandra.tools.JMXConnection,&lt;init&gt;,1
org.apache.cassandra.tools.JMXTool$Dump$Format$3,dump,1
org.apache.cassandra.tools.JMXTool$Info,getAttributes,1
org.apache.cassandra.tools.JMXTool$Info,getOperations,1
org.apache.cassandra.tools.JMXTool$Info,setAttributes,1
org.apache.cassandra.tools.JMXTool$Info,setOperations,1
org.apache.cassandra.tools.JMXTool$Operation,getParameters,1
org.apache.cassandra.tools.JMXTool$Operation,&lt;init&gt;,1
org.apache.cassandra.tools.JMXTool$Operation,setParameters,1
org.apache.cassandra.tools.JsonTransformer$CompactIndenter,writeIndentation,1
org.apache.cassandra.tools.LoaderOptions$Builder,parseArgs,1
org.apache.cassandra.tools.NodeProbe,getCfsProxy,1
org.apache.cassandra.tools.NodeProbe,getCompactionManagerProxy,1
org.apache.cassandra.tools.NodeProbe,getMbeanServerConn,1
org.apache.cassandra.tools.NodeProbe,getMessagingServiceProxy,1
org.apache.cassandra.tools.NodeProbe,getRepairServiceProxy,1
org.apache.cassandra.tools.NodeProbe,getSpProxy,1
org.apache.cassandra.tools.NodeProbe,getStorageService,1
org.apache.cassandra.tools.NodeProbe,forceKeyspaceCleanup,1
org.apache.cassandra.tools.NodeProbe,scrub,1
org.apache.cassandra.tools.NodeProbe,upgradeSSTables,1
org.apache.cassandra.tools.NodeProbe,verify,1
org.apache.cassandra.tools.NodeProbe$1,apply,1
org.apache.cassandra.tools.NodeTool,printHistory,1
org.apache.cassandra.tools.NodeTool$NodeToolCmd,readUserPasswordFromFile,1
org.apache.cassandra.tools.NodeTool$NodeToolCmd,connect,1
org.apache.cassandra.tools.RepairRunner,run,1
org.apache.cassandra.tools.SSTableMetadataViewer,printUsage,1
org.apache.cassandra.tools.SSTableMetadataViewer,&lt;init&gt;,1
org.apache.cassandra.tools.SSTableMetadataViewer,NOVALUE,1
org.apache.cassandra.tools.StandaloneScrubber,main,1
org.apache.cassandra.tools.StandaloneSplitter,main,1
org.apache.cassandra.tools.StandaloneUpgrader,main,1
org.apache.cassandra.tools.StandaloneVerifier,main,1
org.apache.cassandra.tools.Util$TermHistogram,&lt;init&gt;,1
org.apache.cassandra.tools.Util$TermHistogram$1,&lt;init&gt;,1
org.apache.cassandra.tools.Util$TermHistogram$1,NOVALUE,1
org.apache.cassandra.tools.Util$TermHistogram$2,NOVALUE,1
org.apache.cassandra.tools.nodetool.ClientStats,execute,1
org.apache.cassandra.tools.nodetool.Import,execute,1
org.apache.cassandra.tools.nodetool.Repair,NOVALUE,1
org.apache.cassandra.tools.nodetool.Sjk$Wrapper,findFiles,1
org.apache.cassandra.tools.nodetool.Sjk$Wrapper,fixCommands,1
org.apache.cassandra.tools.nodetool.Sjk$Wrapper,NOVALUE,1
org.apache.cassandra.tools.nodetool.Status,execute,1
org.apache.cassandra.tools.nodetool.Verify,execute,1
org.apache.cassandra.tools.nodetool.ViewBuildStatus,execute,1
org.apache.cassandra.tools.nodetool.stats.CompactionHistoryHolder,NOVALUE,1
org.apache.cassandra.tools.nodetool.stats.CompactionHistoryHolder$CompactionHistoryRow,compareTo,1
org.apache.cassandra.tools.nodetool.stats.StatsKeyspace,&lt;init&gt;,1
org.apache.cassandra.tools.nodetool.stats.StatsTableComparator,compare,1
org.apache.cassandra.tools.nodetool.stats.StatsTableComparator,compareDoubles,1
org.apache.cassandra.tools.nodetool.stats.StatsTableComparator,compareFileSizes,1
org.apache.cassandra.tools.nodetool.stats.TableStatsHolder,&lt;init&gt;,1
org.apache.cassandra.tracing.TraceState,enableActivityNotification,1
org.apache.cassandra.tracing.TraceState,&lt;init&gt;,1
org.apache.cassandra.tracing.TraceStateImpl,NOVALUE,1
org.apache.cassandra.transport.Client,run,1
org.apache.cassandra.transport.Connection,setThrowOnOverload,1
org.apache.cassandra.transport.Connection,getTracker,1
org.apache.cassandra.transport.Connection,&lt;init&gt;,1
org.apache.cassandra.transport.DataType,toType,1
org.apache.cassandra.transport.Envelope,clone,1
org.apache.cassandra.transport.Envelope$Compressor,NOVALUE,1
org.apache.cassandra.transport.Envelope$Decompressor,NOVALUE,1
org.apache.cassandra.transport.Flusher$FlushBuffer,equals,1
org.apache.cassandra.transport.Message,connection,1
org.apache.cassandra.transport.Message,getCustomPayload,1
org.apache.cassandra.transport.Message,attach,1
org.apache.cassandra.transport.Message,setCustomPayload,1
org.apache.cassandra.transport.Message$Request,&lt;init&gt;,1
org.apache.cassandra.transport.Message$Response,&lt;init&gt;,1
org.apache.cassandra.transport.Message$Response,getWarnings,1
org.apache.cassandra.transport.Message$Response,setWarnings,1
org.apache.cassandra.transport.Server$Builder,withHost,1
org.apache.cassandra.transport.ServerConnection,getClientState,1
org.apache.cassandra.transport.SimpleClient$Builder,encryption,1
org.apache.cassandra.transport.messages.AuthChallenge,getToken,1
org.apache.cassandra.transport.messages.AuthChallenge,&lt;init&gt;,1
org.apache.cassandra.transport.messages.AuthSuccess,getToken,1
org.apache.cassandra.transport.messages.AuthSuccess,&lt;init&gt;,1
org.apache.cassandra.transport.messages.BatchMessage,execute,1
org.apache.cassandra.transport.messages.ErrorMessage$1,encode,1
org.apache.cassandra.transport.messages.ErrorMessage$1,encodedSize,1
org.apache.cassandra.triggers.TriggerExecutor,reloadClasses,1
org.apache.cassandra.utils.AbstractIterator,hasNext,1
org.apache.cassandra.utils.BooleanSerializer,NOVALUE,1
org.apache.cassandra.utils.ByteArrayUtil,bytes,1
org.apache.cassandra.utils.CassandraVersion,&lt;init&gt;,1
org.apache.cassandra.utils.CounterId,&lt;init&gt;,1
org.apache.cassandra.utils.CounterId,bytes,1
org.apache.cassandra.utils.DiagnosticSnapshotService$DiagnosticSnapshotTask,run,1
org.apache.cassandra.utils.DirectorySizeCalculator,visitFile,1
org.apache.cassandra.utils.DynamicList,main,1
org.apache.cassandra.utils.EstimatedHistogram,getBucketOffsets,1
org.apache.cassandra.utils.FBUtilities,exec,1
org.apache.cassandra.utils.FBUtilities,setBroadcastInetAddress,1
org.apache.cassandra.utils.FBUtilities,getJustBroadcastAddress,1
org.apache.cassandra.utils.FBUtilities,getJustBroadcastNativeAddress,1
org.apache.cassandra.utils.FBUtilities,getProtectedField,1
org.apache.cassandra.utils.GuidGenerator,&lt;clinit&gt;,1
org.apache.cassandra.utils.GuidGenerator,guidAsBytes,1
org.apache.cassandra.utils.HeapUtils,logProcessOutput,1
org.apache.cassandra.utils.Hex,hexToBytes,1
org.apache.cassandra.utils.HistogramBuilder,NOVALUE,1
org.apache.cassandra.utils.IntegerInterval,equals,1
org.apache.cassandra.utils.IntegerInterval$Set,add,1
org.apache.cassandra.utils.IntegerInterval$Set,equals,1
org.apache.cassandra.utils.IntervalTree$IntervalNode,&lt;init&gt;,1
org.apache.cassandra.utils.JVMStabilityInspector,NOVALUE,1
org.apache.cassandra.utils.JVMStabilityInspector$Killer,killCurrentJVM,1
org.apache.cassandra.utils.LongTimSort,binarySort,1
org.apache.cassandra.utils.MBeanWrapper$OnException,NOVALUE,1
org.apache.cassandra.utils.MergeIterator,iterators,1
org.apache.cassandra.utils.MergeIterator$Candidate,&lt;init&gt;,1
org.apache.cassandra.utils.MergeIterator$Candidate,compareTo,1
org.apache.cassandra.utils.MerkleTree,equals,1
org.apache.cassandra.utils.MerkleTree$OnHeapNode,&lt;init&gt;,1
org.apache.cassandra.utils.MerkleTree$TreeRange,equals,1
org.apache.cassandra.utils.MerkleTree$TreeRange,NOVALUE,1
org.apache.cassandra.utils.MerkleTrees,getMerkleTree,1
org.apache.cassandra.utils.MerkleTrees$TokenRangeComparator,NOVALUE,1
org.apache.cassandra.utils.MonotonicClock$AbstractEpochSamplingClock,&lt;init&gt;,1
org.apache.cassandra.utils.MonotonicClock$SampledClock,&lt;init&gt;,1
org.apache.cassandra.utils.MurmurHash,hash2_64,1
org.apache.cassandra.utils.MurmurHash,hash3_x64_128,1
org.apache.cassandra.utils.NativeSSTableLoaderClient,&lt;init&gt;,1
org.apache.cassandra.utils.RMIServerSocketFactoryImpl,&lt;init&gt;,1
org.apache.cassandra.utils.UUIDGen,&lt;init&gt;,1
org.apache.cassandra.utils.UUIDGen,hash,1
org.apache.cassandra.utils.UUIDGen,makeClockSeqAndNode,1
org.apache.cassandra.utils.UUIDSerializer,NOVALUE,1
org.apache.cassandra.utils.binlog.BinLog,run,1
org.apache.cassandra.utils.binlog.BinLog,finalize,1
org.apache.cassandra.utils.binlog.BinLog,cleanDirectory,1
org.apache.cassandra.utils.binlog.BinLog,deleteRecursively,1
org.apache.cassandra.utils.binlog.BinLog$Builder,maxLogSize,1
org.apache.cassandra.utils.binlog.BinLog$Builder,blocking,1
org.apache.cassandra.utils.binlog.BinLog$Builder,maxArchiveRetries,1
org.apache.cassandra.utils.binlog.BinLog$Builder,maxQueueWeight,1
org.apache.cassandra.utils.binlog.DeletingArchiver,onReleased,1
org.apache.cassandra.utils.binlog.ExternalArchiver,archiveExisting,1
org.apache.cassandra.utils.binlog.ExternalArchiver$DelayFile,compareTo,1
org.apache.cassandra.utils.btree.BTree,findByIndex,1
org.apache.cassandra.utils.btree.BTree,replaceInSitu,1
org.apache.cassandra.utils.btree.BTreeSet,tree,1
org.apache.cassandra.utils.btree.BTreeSet,&lt;init&gt;,1
org.apache.cassandra.utils.btree.BTreeSet$BTreeRange,&lt;init&gt;,1
org.apache.cassandra.utils.btree.FullBTreeSearchIterator,next,1
org.apache.cassandra.utils.btree.NodeBuilder,update,1
org.apache.cassandra.utils.btree.NodeCursor,seekInNode,1
org.apache.cassandra.utils.btree.TreeCursor,ensureValidLocation,1
org.apache.cassandra.utils.btree.TreeCursor,seekTo,1
org.apache.cassandra.utils.btree.UpdateFunction,&lt;clinit&gt;,1
org.apache.cassandra.utils.concurrent.Accumulator$1,next,1
org.apache.cassandra.utils.concurrent.OpOrder$Group,compareTo,1
org.apache.cassandra.utils.concurrent.Ref,newInProgressVisit,1
org.apache.cassandra.utils.concurrent.Ref$Debug,NOVALUE,1
org.apache.cassandra.utils.concurrent.Ref$IdentityCollection,&lt;init&gt;,1
org.apache.cassandra.utils.concurrent.Ref$InProgressVisit,nextChild,1
org.apache.cassandra.utils.concurrent.Ref$Visitor,run,1
org.apache.cassandra.utils.concurrent.Refs$1,apply,1
org.apache.cassandra.utils.concurrent.WeightedQueue,&lt;init&gt;,1
org.apache.cassandra.utils.concurrent.WrappedSharedCloseable,&lt;init&gt;,1
org.apache.cassandra.utils.logging.LoggingSupportFactory,getLoggingSupport,1
org.apache.cassandra.utils.memory.BufferPool$Chunk,free,1
org.apache.cassandra.utils.memory.BufferPool$Chunk,freeUnusedPortion,1
org.apache.cassandra.utils.memory.BufferPool$LocalPool,&lt;init&gt;,1
org.apache.cassandra.utils.memory.BufferPools,forChunkCache,1
org.apache.cassandra.utils.memory.BufferPools,forNetworking,1
org.apache.cassandra.utils.memory.ContextAllocator,&lt;init&gt;,1
org.apache.cassandra.utils.memory.MemtableAllocator,offHeap,1
org.apache.cassandra.utils.memory.MemtableAllocator,onHeap,1
org.apache.cassandra.utils.obs.OffHeapBitSet,&lt;init&gt;,1
org.apache.cassandra.utils.progress.jmx.JMXNotificationProgressListener,handleNotification,1
org.apache.cassandra.utils.progress.jmx.JMXProgressSupport,&lt;init&gt;,1
org.apache.cassandra.utils.streamhist.StreamingTombstoneHistogramBuilder,&lt;init&gt;,1
org.apache.cassandra.utils.streamhist.StreamingTombstoneHistogramBuilder$Spool,&lt;init&gt;,1